Structured,Pure,Metric,N_pairs,Mean_diff,Wins,Losses,Ties,W_stat,p_value,Significant_005,Cliffs_delta,Effect_size
Best-DPMM,scDHMap,NMI,12,-0.016916,3,9,0,22.0,0.911865,No,-0.1528,small
Best-DPMM,scDHMap,ARI,12,0.01691,6,6,0,38.0,0.545166,No,-0.0139,negligible
Best-DPMM,scDHMap,ASW,12,0.083278,10,2,0,71.0,0.004639,Yes,0.4583,medium
Best-DPMM,scDHMap,DAV,12,0.1238,9,3,0,67.0,0.013428,Yes,0.4306,medium
Best-DPMM,scDHMap,CAL,12,815.771975,10,2,0,72.0,0.003418,Yes,0.5972,large
Best-DPMM,scDHMap,COR,12,0.729422,8,4,0,57.0,0.088135,No,0.2361,small
Best-DPMM,scDHMap,DRE_umap_overall_quality,12,-0.067479,1,11,0,6.0,0.997559,No,-0.6528,large
Best-DPMM,scDHMap,DRE_umap_distance_correlation,12,-0.097486,1,11,0,6.0,0.997559,No,-0.6944,large
Best-DPMM,scDHMap,DRE_umap_Q_local,12,-0.068182,1,11,0,7.0,0.996582,No,-0.6111,large
Best-DPMM,scDHMap,DRE_umap_Q_global,12,-0.03677,2,10,0,11.0,0.989502,No,-0.5417,large
Best-DPMM,scDHMap,DRE_tsne_overall_quality,12,-0.047093,2,10,0,12.0,0.986572,No,-0.5139,large
Best-DPMM,scDHMap,DRE_tsne_distance_correlation,12,-0.075116,2,10,0,9.0,0.993896,No,-0.5278,large
Best-DPMM,scDHMap,DRE_tsne_Q_local,12,-0.050691,5,7,0,19.0,0.945068,No,-0.4722,medium
Best-DPMM,scDHMap,DRE_tsne_Q_global,12,-0.015473,3,9,0,19.0,0.945068,No,-0.25,small
Best-DPMM,scDHMap,LSE_overall_quality,12,0.022025,6,6,0,45.0,0.338623,No,0.125,negligible
Best-DPMM,scDHMap,LSE_core_quality,12,-0.00305,8,4,0,58.0,0.075684,No,0.4583,medium
Best-DPMM,scDHMap,LSE_manifold_dimensionality,12,-0.090178,3,9,0,14.0,0.97876,No,-0.3889,medium
Best-DPMM,scDHMap,LSE_spectral_decay_rate,12,-0.092613,1,11,0,3.0,0.999268,No,-0.7083,large
Best-DPMM,scDHMap,LSE_participation_ratio,12,0.003995,6,6,0,40.0,0.484863,No,-0.0556,negligible
Best-DPMM,scDHMap,LSE_anisotropy_score,12,-0.166596,3,9,0,13.0,0.98291,No,-0.5417,large
Best-DPMM,scDHMap,LSE_trajectory_directionality,12,0.117426,9,3,0,69.0,0.008057,Yes,0.4306,medium
Best-DPMM,scDHMap,LSE_noise_resilience,12,0.060709,5,6,1,39.0,0.318848,No,0.0139,negligible
Best-DPMM,scDHMap,DREX_overall_quality,12,-0.120198,0,12,0,0.0,1.0,No,-0.9722,large
Best-DPMM,scDHMap,DREX_trustworthiness,12,-0.100883,0,12,0,0.0,1.0,No,-1.0,large
Best-DPMM,scDHMap,DREX_continuity,12,-0.098911,0,12,0,0.0,1.0,No,-1.0,large
Best-DPMM,scDHMap,DREX_distance_spearman,12,-0.153076,1,11,0,2.0,0.999512,No,-0.7361,large
Best-DPMM,scDHMap,DREX_distance_pearson,12,-0.228701,1,11,0,1.0,0.999756,No,-0.8194,large
Best-DPMM,scDHMap,DREX_local_scale_quality,12,-0.03972,0,12,0,0.0,1.0,No,-0.9583,large
Best-DPMM,scDHMap,DREX_neighborhood_symmetry,12,-0.099897,0,12,0,0.0,1.0,No,-1.0,large
Best-DPMM,scDHMap,LSEX_overall_quality,12,0.033945,10,2,0,61.0,0.046143,Yes,0.6667,large
Best-DPMM,scDHMap,LSEX_two_hop_connectivity,12,0.001339,5,7,0,42.0,0.425049,No,0.0417,negligible
Best-DPMM,scDHMap,LSEX_radial_concentration,12,0.106309,10,2,0,58.0,0.075684,No,0.6667,large
Best-DPMM,scDHMap,LSEX_local_curvature,12,0.027939,9,3,0,68.0,0.010498,Yes,0.5694,large
Best-DPMM,scDHMap,LSEX_entropy_stability,12,0.000192,4,8,0,33.0,0.688965,No,0.0556,negligible
Best-DPMM,scDHMap,SecPerEpoch,0,0.0,0,0,0,,,No,-0.0,negligible
Best-DPMM,scDHMap,PeakGPU_MB,0,0.0,0,0,0,,,No,-0.0,negligible
Best-DPMM,scDHMap,NumParams,0,0.0,0,0,0,,,No,-0.0,negligible
Best-DPMM,CLEAR,NMI,12,-0.054657,1,11,0,5.0,0.998291,No,-0.4444,medium
Best-DPMM,CLEAR,ARI,12,-0.019313,4,8,0,28.0,0.809814,No,-0.1944,small
Best-DPMM,CLEAR,ASW,12,0.352201,12,0,0,78.0,0.000244,Yes,1.0,large
Best-DPMM,CLEAR,DAV,12,2.161869,12,0,0,78.0,0.000244,Yes,1.0,large
Best-DPMM,CLEAR,CAL,12,1116.207911,12,0,0,78.0,0.000244,Yes,1.0,large
Best-DPMM,CLEAR,COR,12,-8.29974,0,12,0,0.0,1.0,No,-1.0,large
Best-DPMM,CLEAR,DRE_umap_overall_quality,12,0.183088,12,0,0,78.0,0.000244,Yes,1.0,large
Best-DPMM,CLEAR,DRE_umap_distance_correlation,12,0.257652,12,0,0,78.0,0.000244,Yes,0.9861,large
Best-DPMM,CLEAR,DRE_umap_Q_local,12,0.178861,12,0,0,78.0,0.000244,Yes,0.9722,large
Best-DPMM,CLEAR,DRE_umap_Q_global,12,0.112752,12,0,0,78.0,0.000244,Yes,1.0,large
Best-DPMM,CLEAR,DRE_tsne_overall_quality,12,0.20182,12,0,0,78.0,0.000244,Yes,1.0,large
Best-DPMM,CLEAR,DRE_tsne_distance_correlation,12,0.271385,12,0,0,78.0,0.000244,Yes,0.9861,large
Best-DPMM,CLEAR,DRE_tsne_Q_local,12,0.200349,12,0,0,78.0,0.000244,Yes,0.9722,large
Best-DPMM,CLEAR,DRE_tsne_Q_global,12,0.133727,12,0,0,78.0,0.000244,Yes,1.0,large
Best-DPMM,CLEAR,LSE_overall_quality,12,0.215297,12,0,0,78.0,0.000244,Yes,1.0,large
Best-DPMM,CLEAR,LSE_core_quality,12,0.056338,11,1,0,77.0,0.000488,Yes,0.9167,large
Best-DPMM,CLEAR,LSE_manifold_dimensionality,12,0.136333,8,4,0,64.0,0.026123,Yes,0.5417,large
Best-DPMM,CLEAR,LSE_spectral_decay_rate,12,0.313994,12,0,0,78.0,0.000244,Yes,1.0,large
Best-DPMM,CLEAR,LSE_participation_ratio,12,-0.050635,5,7,0,26.0,0.849365,No,-0.2917,small
Best-DPMM,CLEAR,LSE_anisotropy_score,12,0.174342,10,2,0,62.0,0.038574,Yes,0.625,large
Best-DPMM,CLEAR,LSE_trajectory_directionality,12,0.523272,12,0,0,78.0,0.000244,Yes,1.0,large
Best-DPMM,CLEAR,LSE_noise_resilience,12,0.560452,12,0,0,78.0,0.000244,Yes,1.0,large
Best-DPMM,CLEAR,DREX_overall_quality,12,0.048687,10,2,0,73.0,0.002441,Yes,0.4583,medium
Best-DPMM,CLEAR,DREX_trustworthiness,12,-0.024716,2,10,0,6.0,0.997559,No,-0.2917,small
Best-DPMM,CLEAR,DREX_continuity,12,-0.03895,0,12,0,0.0,1.0,No,-0.5278,large
Best-DPMM,CLEAR,DREX_distance_spearman,12,0.20448,11,1,0,77.0,0.000488,Yes,0.8056,large
Best-DPMM,CLEAR,DREX_distance_pearson,12,0.102043,10,2,0,71.0,0.004639,Yes,0.4306,medium
Best-DPMM,CLEAR,DREX_local_scale_quality,12,0.081099,12,0,0,78.0,0.000244,Yes,1.0,large
Best-DPMM,CLEAR,DREX_neighborhood_symmetry,12,-0.031833,0,12,0,0.0,1.0,No,-0.4167,medium
Best-DPMM,CLEAR,LSEX_overall_quality,12,0.065612,10,2,0,67.0,0.013428,Yes,0.6944,large
Best-DPMM,CLEAR,LSEX_two_hop_connectivity,12,-0.086961,0,12,0,0.0,1.0,No,-1.0,large
Best-DPMM,CLEAR,LSEX_radial_concentration,12,0.260156,10,2,0,68.0,0.010498,Yes,0.6667,large
Best-DPMM,CLEAR,LSEX_local_curvature,12,0.099238,12,0,0,78.0,0.000244,Yes,1.0,large
Best-DPMM,CLEAR,LSEX_entropy_stability,12,-0.009986,0,12,0,0.0,1.0,No,-1.0,large
Best-DPMM,CLEAR,SecPerEpoch,0,0.0,0,0,0,,,No,-0.0,negligible
Best-DPMM,CLEAR,PeakGPU_MB,0,0.0,0,0,0,,,No,-0.0,negligible
Best-DPMM,CLEAR,NumParams,0,0.0,0,0,0,,,No,-0.0,negligible
Best-DPMM,scDAC,NMI,12,0.137219,11,1,0,74.0,0.001709,Yes,0.7222,large
Best-DPMM,scDAC,ARI,12,0.131692,10,2,0,72.0,0.003418,Yes,0.8333,large
Best-DPMM,scDAC,ASW,12,-0.110073,2,10,0,6.0,0.997559,No,-0.5278,large
Best-DPMM,scDAC,DAV,12,-0.348907,0,12,0,0.0,1.0,No,-0.8194,large
Best-DPMM,scDAC,CAL,12,-30912.986578,0,12,0,0.0,1.0,No,-0.8611,large
Best-DPMM,scDAC,COR,12,-2.786128,0,12,0,0.0,1.0,No,-0.7778,large
Best-DPMM,scDAC,DRE_umap_overall_quality,12,-0.07216,3,9,0,7.0,0.996582,No,-0.75,large
Best-DPMM,scDAC,DRE_umap_distance_correlation,12,-0.049663,4,8,0,25.0,0.866943,No,-0.3333,medium
Best-DPMM,scDAC,DRE_umap_Q_local,12,-0.118982,0,12,0,0.0,1.0,No,-0.9722,large
Best-DPMM,scDAC,DRE_umap_Q_global,12,-0.047835,3,9,0,9.0,0.993896,No,-0.6944,large
Best-DPMM,scDAC,DRE_tsne_overall_quality,12,-0.084536,0,12,0,0.0,1.0,No,-0.7917,large
Best-DPMM,scDAC,DRE_tsne_distance_correlation,12,-0.073839,4,8,0,16.0,0.968018,No,-0.4306,medium
Best-DPMM,scDAC,DRE_tsne_Q_local,12,-0.109826,1,11,0,1.0,0.999756,No,-0.9583,large
Best-DPMM,scDAC,DRE_tsne_Q_global,12,-0.069944,0,12,0,0.0,1.0,No,-0.8611,large
Best-DPMM,scDAC,LSE_overall_quality,12,-0.163786,1,11,0,1.0,0.999756,No,-0.7222,large
Best-DPMM,scDAC,LSE_core_quality,12,-0.092383,3,9,0,6.0,0.997559,No,-0.7639,large
Best-DPMM,scDAC,LSE_manifold_dimensionality,12,-0.127396,2,10,0,7.0,0.996582,No,-0.4861,large
Best-DPMM,scDAC,LSE_spectral_decay_rate,12,-0.076899,2,10,0,7.0,0.996582,No,-0.5833,large
Best-DPMM,scDAC,LSE_participation_ratio,12,-0.278769,2,10,0,15.0,0.973877,No,-0.5972,large
Best-DPMM,scDAC,LSE_anisotropy_score,12,-0.113532,4,8,0,21.0,0.924316,No,-0.4167,medium
Best-DPMM,scDAC,LSE_trajectory_directionality,12,-0.151547,3,9,0,11.0,0.989502,No,-0.5417,large
Best-DPMM,scDAC,LSE_noise_resilience,12,-0.300649,2,8,2,6.0,0.990234,No,-0.5556,large
Best-DPMM,scDAC,DREX_overall_quality,12,-0.03277,3,9,0,19.0,0.945068,No,-0.2778,small
Best-DPMM,scDAC,DREX_trustworthiness,12,-0.096825,0,12,0,0.0,1.0,No,-1.0,large
Best-DPMM,scDAC,DREX_continuity,12,-0.106922,0,12,0,0.0,1.0,No,-1.0,large
Best-DPMM,scDAC,DREX_distance_spearman,12,-0.1049,2,10,0,13.0,0.98291,No,-0.5139,large
Best-DPMM,scDAC,DREX_distance_pearson,12,0.245491,9,3,0,71.0,0.004639,Yes,0.6389,large
Best-DPMM,scDAC,DREX_local_scale_quality,12,-0.031591,1,11,0,1.0,0.999756,No,-0.8889,large
Best-DPMM,scDAC,DREX_neighborhood_symmetry,12,-0.101874,0,12,0,0.0,1.0,No,-1.0,large
Best-DPMM,scDAC,LSEX_overall_quality,12,0.094319,10,2,0,74.0,0.001709,Yes,0.6111,large
Best-DPMM,scDAC,LSEX_two_hop_connectivity,12,0.0229,11,1,0,77.0,0.000488,Yes,0.8611,large
Best-DPMM,scDAC,LSEX_radial_concentration,12,0.412818,10,2,0,75.0,0.001221,Yes,0.625,large
Best-DPMM,scDAC,LSEX_local_curvature,12,-0.062099,3,9,0,11.0,0.989502,No,-0.5694,large
Best-DPMM,scDAC,LSEX_entropy_stability,12,0.003657,10,2,0,69.0,0.008057,Yes,0.4028,medium
Best-DPMM,scDAC,SecPerEpoch,0,0.0,0,0,0,,,No,-0.0,negligible
Best-DPMM,scDAC,PeakGPU_MB,0,0.0,0,0,0,,,No,-0.0,negligible
Best-DPMM,scDAC,NumParams,0,0.0,0,0,0,,,No,-0.0,negligible
Best-DPMM,scDeepCluster,NMI,12,0.123952,12,0,0,78.0,0.000244,Yes,0.75,large
Best-DPMM,scDeepCluster,ARI,12,0.14965,12,0,0,78.0,0.000244,Yes,0.8472,large
Best-DPMM,scDeepCluster,ASW,12,0.241059,12,0,0,78.0,0.000244,Yes,1.0,large
Best-DPMM,scDeepCluster,DAV,12,0.644947,12,0,0,78.0,0.000244,Yes,1.0,large
Best-DPMM,scDeepCluster,CAL,12,1018.629767,12,0,0,78.0,0.000244,Yes,0.9722,large
Best-DPMM,scDeepCluster,COR,12,1.374758,11,1,0,70.0,0.006104,Yes,0.5556,large
Best-DPMM,scDeepCluster,DRE_umap_overall_quality,12,-0.010165,5,7,0,33.0,0.688965,No,-0.2222,small
Best-DPMM,scDeepCluster,DRE_umap_distance_correlation,12,-0.094,2,10,0,5.0,0.998291,No,-0.7361,large
Best-DPMM,scDeepCluster,DRE_umap_Q_local,12,0.088531,10,2,0,74.0,0.001709,Yes,0.7917,large
Best-DPMM,scDeepCluster,DRE_umap_Q_global,12,-0.025025,5,7,0,18.0,0.953857,No,-0.375,medium
Best-DPMM,scDeepCluster,DRE_tsne_overall_quality,12,0.018139,8,4,0,51.0,0.190186,No,0.2361,small
Best-DPMM,scDeepCluster,DRE_tsne_distance_correlation,12,-0.068225,3,9,0,14.0,0.97876,No,-0.5278,large
Best-DPMM,scDeepCluster,DRE_tsne_Q_local,12,0.110991,10,2,0,75.0,0.001221,Yes,0.8611,large
Best-DPMM,scDeepCluster,DRE_tsne_Q_global,12,0.01165,9,3,0,50.0,0.211914,No,0.2917,small
Best-DPMM,scDeepCluster,LSE_overall_quality,12,0.108004,10,2,0,68.0,0.010498,Yes,0.5417,large
Best-DPMM,scDeepCluster,LSE_core_quality,12,0.033489,10,2,0,65.0,0.02124,Yes,0.4306,medium
Best-DPMM,scDeepCluster,LSE_manifold_dimensionality,12,0.103734,9,3,0,67.0,0.013428,Yes,0.4167,medium
Best-DPMM,scDeepCluster,LSE_spectral_decay_rate,12,0.02214,7,5,0,51.0,0.190186,No,0.1389,negligible
Best-DPMM,scDeepCluster,LSE_participation_ratio,12,0.024629,7,5,0,45.0,0.338623,No,0.0833,negligible
Best-DPMM,scDeepCluster,LSE_anisotropy_score,12,0.01655,7,5,0,42.0,0.425049,No,-0.0694,negligible
Best-DPMM,scDeepCluster,LSE_trajectory_directionality,12,-0.007571,5,7,0,39.0,0.515137,No,-0.0972,negligible
Best-DPMM,scDeepCluster,LSE_noise_resilience,12,0.304086,10,2,0,71.0,0.004639,Yes,0.4722,medium
Best-DPMM,scDeepCluster,DREX_overall_quality,12,-0.099656,0,12,0,0.0,1.0,No,-0.9306,large
Best-DPMM,scDeepCluster,DREX_trustworthiness,12,-0.058545,1,11,0,1.0,0.999756,No,-0.8056,large
Best-DPMM,scDeepCluster,DREX_continuity,12,-0.076497,0,12,0,0.0,1.0,No,-0.9722,large
Best-DPMM,scDeepCluster,DREX_distance_spearman,12,-0.149545,1,11,0,3.0,0.999268,No,-0.8194,large
Best-DPMM,scDeepCluster,DREX_distance_pearson,12,-0.251768,1,11,0,2.0,0.999512,No,-0.9306,large
Best-DPMM,scDeepCluster,DREX_local_scale_quality,12,0.005938,6,6,0,49.0,0.234863,No,0.25,small
Best-DPMM,scDeepCluster,DREX_neighborhood_symmetry,12,-0.067521,0,12,0,0.0,1.0,No,-0.9444,large
Best-DPMM,scDeepCluster,LSEX_overall_quality,12,0.015485,9,3,0,55.0,0.116699,No,0.5972,large
Best-DPMM,scDeepCluster,LSEX_two_hop_connectivity,12,-0.046907,0,12,0,0.0,1.0,No,-1.0,large
Best-DPMM,scDeepCluster,LSEX_radial_concentration,12,0.050777,9,3,0,55.0,0.116699,No,0.5556,large
Best-DPMM,scDeepCluster,LSEX_local_curvature,12,0.065541,12,0,0,78.0,0.000244,Yes,1.0,large
Best-DPMM,scDeepCluster,LSEX_entropy_stability,12,-0.007472,0,12,0,0.0,1.0,No,-0.9722,large
Best-DPMM,scDeepCluster,SecPerEpoch,0,0.0,0,0,0,,,No,-0.0,negligible
Best-DPMM,scDeepCluster,PeakGPU_MB,0,0.0,0,0,0,,,No,-0.0,negligible
Best-DPMM,scDeepCluster,NumParams,0,0.0,0,0,0,,,No,-0.0,negligible
Best-DPMM,scGNN,NMI,12,0.220854,12,0,0,78.0,0.000244,Yes,0.8472,large
Best-DPMM,scGNN,ARI,12,0.230905,12,0,0,78.0,0.000244,Yes,1.0,large
Best-DPMM,scGNN,ASW,12,0.118305,10,2,0,74.0,0.001709,Yes,0.6667,large
Best-DPMM,scGNN,DAV,12,0.236995,11,1,0,75.0,0.001221,Yes,0.6528,large
Best-DPMM,scGNN,CAL,12,945.460467,12,0,0,78.0,0.000244,Yes,0.8611,large
Best-DPMM,scGNN,COR,12,1.031435,9,3,0,59.0,0.064697,No,0.3472,medium
Best-DPMM,scGNN,DRE_umap_overall_quality,12,-0.0165,5,7,0,29.0,0.788086,No,-0.1528,small
Best-DPMM,scGNN,DRE_umap_distance_correlation,12,-0.069281,3,9,0,14.0,0.97876,No,-0.3889,medium
Best-DPMM,scGNN,DRE_umap_Q_local,12,0.019288,8,4,0,52.0,0.169678,No,0.1806,small
Best-DPMM,scGNN,DRE_umap_Q_global,12,0.000493,6,6,0,38.0,0.545166,No,0.0139,negligible
Best-DPMM,scGNN,DRE_tsne_overall_quality,12,-0.009041,4,8,0,30.0,0.765137,No,-0.1389,negligible
Best-DPMM,scGNN,DRE_tsne_distance_correlation,12,-0.053076,3,9,0,19.0,0.945068,No,-0.375,medium
Best-DPMM,scGNN,DRE_tsne_Q_local,12,0.011848,10,2,0,57.0,0.088135,No,0.1944,small
Best-DPMM,scGNN,DRE_tsne_Q_global,12,0.014106,6,6,0,44.0,0.366699,No,0.1528,small
Best-DPMM,scGNN,LSE_overall_quality,12,0.052602,7,5,0,53.0,0.150635,No,0.3611,medium
Best-DPMM,scGNN,LSE_core_quality,12,0.003629,6,6,0,33.0,0.688965,No,0.0972,negligible
Best-DPMM,scGNN,LSE_manifold_dimensionality,12,0.076874,7,5,0,56.0,0.101807,No,0.2917,small
Best-DPMM,scGNN,LSE_spectral_decay_rate,12,-0.043947,3,9,0,25.0,0.866943,No,-0.2917,small
Best-DPMM,scGNN,LSE_participation_ratio,12,-0.102599,3,9,0,17.0,0.961426,No,-0.4306,medium
Best-DPMM,scGNN,LSE_anisotropy_score,12,-0.084187,5,7,0,24.0,0.883301,No,-0.2917,small
Best-DPMM,scGNN,LSE_trajectory_directionality,12,0.12666,9,3,0,61.0,0.046143,Yes,0.4722,medium
Best-DPMM,scGNN,LSE_noise_resilience,12,0.179786,7,4,1,47.0,0.120117,No,0.3681,medium
Best-DPMM,scGNN,DREX_overall_quality,12,-0.087408,2,10,0,3.0,0.999268,No,-0.8056,large
Best-DPMM,scGNN,DREX_trustworthiness,12,-0.086221,0,12,0,0.0,1.0,No,-0.9444,large
Best-DPMM,scGNN,DREX_continuity,12,-0.087322,0,12,0,0.0,1.0,No,-0.9861,large
Best-DPMM,scGNN,DREX_distance_spearman,12,-0.124672,4,8,0,13.0,0.98291,No,-0.5556,large
Best-DPMM,scGNN,DREX_distance_pearson,12,-0.181824,2,10,0,3.0,0.999268,No,-0.6667,large
Best-DPMM,scGNN,DREX_local_scale_quality,12,0.04236,9,3,0,70.0,0.006104,Yes,0.5694,large
Best-DPMM,scGNN,DREX_neighborhood_symmetry,12,-0.086772,0,12,0,0.0,1.0,No,-0.9583,large
Best-DPMM,scGNN,LSEX_overall_quality,12,0.015473,10,2,0,58.0,0.075684,No,0.6389,large
Best-DPMM,scGNN,LSEX_two_hop_connectivity,12,-0.010446,3,9,0,13.0,0.98291,No,-0.375,medium
Best-DPMM,scGNN,LSEX_radial_concentration,12,0.033886,9,3,0,57.0,0.088135,No,0.5833,large
Best-DPMM,scGNN,LSEX_local_curvature,12,0.032475,10,2,0,72.0,0.003418,Yes,0.5972,large
Best-DPMM,scGNN,LSEX_entropy_stability,12,0.005978,7,5,0,63.0,0.031982,Yes,0.3611,medium
Best-DPMM,scGNN,SecPerEpoch,0,0.0,0,0,0,,,No,-0.0,negligible
Best-DPMM,scGNN,PeakGPU_MB,0,0.0,0,0,0,,,No,-0.0,negligible
Best-DPMM,scGNN,NumParams,0,0.0,0,0,0,,,No,-0.0,negligible
Best-DPMM,siVAE,NMI,12,0.29535,12,0,0,78.0,0.000244,Yes,0.8472,large
Best-DPMM,siVAE,ARI,12,0.265055,12,0,0,78.0,0.000244,Yes,1.0,large
Best-DPMM,siVAE,ASW,12,0.135637,12,0,0,78.0,0.000244,Yes,0.7361,large
Best-DPMM,siVAE,DAV,12,0.215658,8,4,0,68.0,0.010498,Yes,0.5833,large
Best-DPMM,siVAE,CAL,12,288.600128,7,5,0,47.0,0.284668,No,0.0972,negligible
Best-DPMM,siVAE,COR,12,-0.204806,6,6,0,35.0,0.633301,No,-0.1111,negligible
Best-DPMM,siVAE,DRE_umap_overall_quality,12,-0.091609,1,11,0,4.0,0.998779,No,-0.7361,large
Best-DPMM,siVAE,DRE_umap_distance_correlation,12,-0.162051,1,11,0,1.0,0.999756,No,-0.8194,large
Best-DPMM,siVAE,DRE_umap_Q_local,12,-0.032272,5,7,0,19.0,0.945068,No,-0.2778,small
Best-DPMM,siVAE,DRE_umap_Q_global,12,-0.080504,0,12,0,0.0,1.0,No,-0.8056,large
Best-DPMM,siVAE,DRE_tsne_overall_quality,12,-0.06946,2,10,0,6.0,0.997559,No,-0.6111,large
Best-DPMM,siVAE,DRE_tsne_distance_correlation,12,-0.137634,2,10,0,3.0,0.999268,No,-0.7361,large
Best-DPMM,siVAE,DRE_tsne_Q_local,12,-0.01229,6,6,0,36.0,0.604492,No,-0.1389,negligible
Best-DPMM,siVAE,DRE_tsne_Q_global,12,-0.058455,2,10,0,3.0,0.999268,No,-0.625,large
Best-DPMM,siVAE,LSE_overall_quality,12,-0.115199,1,11,0,7.0,0.996582,No,-0.5833,large
Best-DPMM,siVAE,LSE_core_quality,12,-0.024291,5,7,0,26.0,0.849365,No,-0.0556,negligible
Best-DPMM,siVAE,LSE_manifold_dimensionality,12,-0.142103,2,10,0,8.0,0.995361,No,-0.6667,large
Best-DPMM,siVAE,LSE_spectral_decay_rate,12,-0.10338,2,10,0,10.0,0.991943,No,-0.6806,large
Best-DPMM,siVAE,LSE_participation_ratio,12,0.058861,8,4,0,56.0,0.101807,No,0.3889,medium
Best-DPMM,siVAE,LSE_anisotropy_score,12,-0.089459,4,8,0,23.0,0.898193,No,-0.2917,small
Best-DPMM,siVAE,LSE_trajectory_directionality,12,-0.247729,2,10,0,7.0,0.996582,No,-0.6667,large
Best-DPMM,siVAE,LSE_noise_resilience,12,-0.303995,2,8,2,8.0,0.981445,No,-0.5417,large
Best-DPMM,siVAE,DREX_overall_quality,12,-0.13319,0,12,0,0.0,1.0,No,-0.9583,large
Best-DPMM,siVAE,DREX_trustworthiness,12,-0.089398,0,12,0,0.0,1.0,No,-0.9583,large
Best-DPMM,siVAE,DREX_continuity,12,-0.09895,0,12,0,0.0,1.0,No,-1.0,large
Best-DPMM,siVAE,DREX_distance_spearman,12,-0.218062,0,12,0,0.0,1.0,No,-0.9167,large
Best-DPMM,siVAE,DREX_distance_pearson,12,-0.27954,0,12,0,0.0,1.0,No,-0.9167,large
Best-DPMM,siVAE,DREX_local_scale_quality,12,-0.019019,3,9,0,18.0,0.953857,No,-0.4722,medium
Best-DPMM,siVAE,DREX_neighborhood_symmetry,12,-0.094174,0,12,0,0.0,1.0,No,-0.9861,large
Best-DPMM,siVAE,LSEX_overall_quality,12,-0.029384,4,8,0,20.0,0.935303,No,-0.3472,medium
Best-DPMM,siVAE,LSEX_two_hop_connectivity,12,-0.008775,3,9,0,16.0,0.968018,No,-0.25,small
Best-DPMM,siVAE,LSEX_radial_concentration,12,-0.134867,3,9,0,18.0,0.953857,No,-0.4444,medium
Best-DPMM,siVAE,LSEX_local_curvature,12,0.030707,9,3,0,72.0,0.003418,Yes,0.5556,large
Best-DPMM,siVAE,LSEX_entropy_stability,12,-0.004602,0,12,0,0.0,1.0,No,-0.5972,large
Best-DPMM,siVAE,SecPerEpoch,0,0.0,0,0,0,,,No,-0.0,negligible
Best-DPMM,siVAE,PeakGPU_MB,0,0.0,0,0,0,,,No,-0.0,negligible
Best-DPMM,siVAE,NumParams,0,0.0,0,0,0,,,No,-0.0,negligible
Best-DPMM,scSMD,NMI,12,0.361522,12,0,0,78.0,0.000244,Yes,0.8889,large
Best-DPMM,scSMD,ARI,12,0.293131,12,0,0,78.0,0.000244,Yes,1.0,large
Best-DPMM,scSMD,ASW,12,0.117464,9,3,0,69.0,0.008057,Yes,0.6667,large
Best-DPMM,scSMD,DAV,12,0.11031,7,5,0,53.0,0.150635,No,0.3333,medium
Best-DPMM,scSMD,CAL,12,46.756305,6,6,0,38.0,0.545166,No,-0.0139,negligible
Best-DPMM,scSMD,COR,12,-1.99674,2,10,0,11.0,0.989502,No,-0.6667,large
Best-DPMM,scSMD,DRE_umap_overall_quality,12,-0.1061,1,11,0,3.0,0.999268,No,-0.8194,large
Best-DPMM,scSMD,DRE_umap_distance_correlation,12,-0.166803,1,11,0,1.0,0.999756,No,-0.8472,large
Best-DPMM,scSMD,DRE_umap_Q_local,12,-0.065644,2,10,0,12.0,0.986572,No,-0.7222,large
Best-DPMM,scSMD,DRE_umap_Q_global,12,-0.085854,1,11,0,3.0,0.999268,No,-0.875,large
Best-DPMM,scSMD,DRE_tsne_overall_quality,12,-0.101664,1,11,0,2.0,0.999512,No,-0.8889,large
Best-DPMM,scSMD,DRE_tsne_distance_correlation,12,-0.170998,1,11,0,1.0,0.999756,No,-0.8472,large
Best-DPMM,scSMD,DRE_tsne_Q_local,12,-0.047327,2,10,0,17.0,0.961426,No,-0.5139,large
Best-DPMM,scSMD,DRE_tsne_Q_global,12,-0.086666,1,11,0,1.0,0.999756,No,-0.9167,large
Best-DPMM,scSMD,LSE_overall_quality,12,-0.157579,0,12,0,0.0,1.0,No,-0.7917,large
Best-DPMM,scSMD,LSE_core_quality,12,-0.036147,5,7,0,21.0,0.924316,No,-0.1667,small
Best-DPMM,scSMD,LSE_manifold_dimensionality,12,-0.183002,1,11,0,5.0,0.998291,No,-0.7778,large
Best-DPMM,scSMD,LSE_spectral_decay_rate,12,-0.125619,2,10,0,7.0,0.996582,No,-0.75,large
Best-DPMM,scSMD,LSE_participation_ratio,12,0.083169,9,3,0,59.0,0.064697,No,0.4722,medium
Best-DPMM,scSMD,LSE_anisotropy_score,12,-0.080866,5,7,0,24.0,0.883301,No,-0.4028,medium
Best-DPMM,scSMD,LSE_trajectory_directionality,12,-0.282262,2,10,0,7.0,0.996582,No,-0.75,large
Best-DPMM,scSMD,LSE_noise_resilience,12,-0.416334,0,9,3,0.0,1.0,No,-0.7014,large
Best-DPMM,scSMD,DREX_overall_quality,12,-0.120781,0,12,0,0.0,1.0,No,-0.9583,large
Best-DPMM,scSMD,DREX_trustworthiness,12,-0.092849,0,12,0,0.0,1.0,No,-1.0,large
Best-DPMM,scSMD,DREX_continuity,12,-0.101695,0,12,0,0.0,1.0,No,-1.0,large
Best-DPMM,scSMD,DREX_distance_spearman,12,-0.222856,0,12,0,0.0,1.0,No,-0.9722,large
Best-DPMM,scSMD,DREX_distance_pearson,12,-0.205605,1,11,0,7.0,0.996582,No,-0.75,large
Best-DPMM,scSMD,DREX_local_scale_quality,12,-0.00441,5,7,0,24.0,0.883301,No,-0.125,negligible
Best-DPMM,scSMD,DREX_neighborhood_symmetry,12,-0.097272,0,12,0,0.0,1.0,No,-1.0,large
Best-DPMM,scSMD,LSEX_overall_quality,12,-0.028315,2,10,0,19.0,0.945068,No,-0.3889,medium
Best-DPMM,scSMD,LSEX_two_hop_connectivity,12,-0.000668,5,7,0,41.0,0.454834,No,-0.0417,negligible
Best-DPMM,scSMD,LSEX_radial_concentration,12,-0.126085,2,10,0,19.0,0.945068,No,-0.4583,medium
Best-DPMM,scSMD,LSEX_local_curvature,12,0.017,7,5,0,54.0,0.133057,No,0.2778,small
Best-DPMM,scSMD,LSEX_entropy_stability,12,-0.003508,2,10,0,9.0,0.993896,No,-0.4583,medium
Best-DPMM,scSMD,SecPerEpoch,0,0.0,0,0,0,,,No,-0.0,negligible
Best-DPMM,scSMD,PeakGPU_MB,0,0.0,0,0,0,,,No,-0.0,negligible
Best-DPMM,scSMD,NumParams,0,0.0,0,0,0,,,No,-0.0,negligible
Best-DPMM,scDiffusion,NMI,12,0.414546,12,0,0,78.0,0.000244,Yes,0.9028,large
Best-DPMM,scDiffusion,ARI,12,0.329356,12,0,0,78.0,0.000244,Yes,1.0,large
Best-DPMM,scDiffusion,ASW,12,0.276252,12,0,0,78.0,0.000244,Yes,1.0,large
Best-DPMM,scDiffusion,DAV,12,0.689011,12,0,0,78.0,0.000244,Yes,1.0,large
Best-DPMM,scDiffusion,CAL,12,1051.225722,12,0,0,78.0,0.000244,Yes,0.9861,large
Best-DPMM,scDiffusion,COR,12,2.706831,12,0,0,78.0,0.000244,Yes,1.0,large
Best-DPMM,scDiffusion,DRE_umap_overall_quality,12,0.011377,6,6,0,45.0,0.338623,No,0.0278,negligible
Best-DPMM,scDiffusion,DRE_umap_distance_correlation,12,-0.05676,4,8,0,22.0,0.911865,No,-0.3056,small
Best-DPMM,scDiffusion,DRE_umap_Q_local,12,0.109119,10,2,0,71.0,0.004639,Yes,0.8194,large
Best-DPMM,scDiffusion,DRE_umap_Q_global,12,-0.018227,4,8,0,25.0,0.866943,No,-0.2361,small
Best-DPMM,scDiffusion,DRE_tsne_overall_quality,12,0.075432,9,3,0,68.0,0.010498,Yes,0.625,large
Best-DPMM,scDiffusion,DRE_tsne_distance_correlation,12,-0.003349,6,6,0,35.0,0.633301,No,0.0278,negligible
Best-DPMM,scDiffusion,DRE_tsne_Q_local,12,0.183727,11,1,0,77.0,0.000488,Yes,0.9583,large
Best-DPMM,scDiffusion,DRE_tsne_Q_global,12,0.045919,9,3,0,67.0,0.013428,Yes,0.5833,large
Best-DPMM,scDiffusion,LSE_overall_quality,12,0.095154,11,1,0,72.0,0.003418,Yes,0.5278,large
Best-DPMM,scDiffusion,LSE_core_quality,12,0.018916,8,4,0,56.0,0.101807,No,0.3472,medium
Best-DPMM,scDiffusion,LSE_manifold_dimensionality,12,0.121363,10,2,0,72.0,0.003418,Yes,0.4861,large
Best-DPMM,scDiffusion,LSE_spectral_decay_rate,12,0.051836,9,3,0,64.0,0.026123,Yes,0.4167,medium
Best-DPMM,scDiffusion,LSE_participation_ratio,12,-0.077506,2,10,0,6.0,0.997559,No,-0.3194,small
Best-DPMM,scDiffusion,LSE_anisotropy_score,12,0.020028,7,5,0,44.0,0.366699,No,-0.0139,negligible
Best-DPMM,scDiffusion,LSE_trajectory_directionality,12,0.130247,10,2,0,70.0,0.006104,Yes,0.4861,large
Best-DPMM,scDiffusion,LSE_noise_resilience,12,0.29802,11,1,0,74.0,0.001709,Yes,0.5556,large
Best-DPMM,scDiffusion,DREX_overall_quality,12,-0.074192,2,10,0,4.0,0.998779,No,-0.6944,large
Best-DPMM,scDiffusion,DREX_trustworthiness,12,-0.031893,5,7,0,27.0,0.830322,No,-0.3472,medium
Best-DPMM,scDiffusion,DREX_continuity,12,-0.060809,0,12,0,0.0,1.0,No,-0.8333,large
Best-DPMM,scDiffusion,DREX_distance_spearman,12,-0.11205,2,10,0,8.0,0.995361,No,-0.5139,large
Best-DPMM,scDiffusion,DREX_distance_pearson,12,-0.214262,1,11,0,2.0,0.999512,No,-0.7639,large
Best-DPMM,scDiffusion,DREX_local_scale_quality,12,0.020212,11,1,0,77.0,0.000488,Yes,0.75,large
Best-DPMM,scDiffusion,DREX_neighborhood_symmetry,12,-0.046351,3,9,0,9.0,0.993896,No,-0.6111,large
Best-DPMM,scDiffusion,LSEX_overall_quality,12,0.016101,10,2,0,56.0,0.101807,No,0.6667,large
Best-DPMM,scDiffusion,LSEX_two_hop_connectivity,12,-0.06334,0,12,0,0.0,1.0,No,-1.0,large
Best-DPMM,scDiffusion,LSEX_radial_concentration,12,0.05216,10,2,0,56.0,0.101807,No,0.6667,large
Best-DPMM,scDiffusion,LSEX_local_curvature,12,0.084673,12,0,0,78.0,0.000244,Yes,1.0,large
Best-DPMM,scDiffusion,LSEX_entropy_stability,12,-0.00909,0,12,0,0.0,1.0,No,-1.0,large
Best-DPMM,scDiffusion,SecPerEpoch,0,0.0,0,0,0,,,No,-0.0,negligible
Best-DPMM,scDiffusion,PeakGPU_MB,0,0.0,0,0,0,,,No,-0.0,negligible
Best-DPMM,scDiffusion,NumParams,0,0.0,0,0,0,,,No,-0.0,negligible
Best-DPMM,CellBLAST,NMI,12,0.393071,12,0,0,78.0,0.000244,Yes,0.875,large
Best-DPMM,CellBLAST,ARI,12,0.313491,12,0,0,78.0,0.000244,Yes,1.0,large
Best-DPMM,CellBLAST,ASW,12,0.346282,12,0,0,78.0,0.000244,Yes,1.0,large
Best-DPMM,CellBLAST,DAV,12,1.14395,12,0,0,78.0,0.000244,Yes,1.0,large
Best-DPMM,CellBLAST,CAL,12,1100.900157,12,0,0,78.0,0.000244,Yes,1.0,large
Best-DPMM,CellBLAST,COR,12,3.644148,12,0,0,78.0,0.000244,Yes,1.0,large
Best-DPMM,CellBLAST,DRE_umap_overall_quality,12,0.177175,12,0,0,78.0,0.000244,Yes,1.0,large
Best-DPMM,CellBLAST,DRE_umap_distance_correlation,12,0.189583,12,0,0,78.0,0.000244,Yes,0.9167,large
Best-DPMM,CellBLAST,DRE_umap_Q_local,12,0.264769,12,0,0,78.0,0.000244,Yes,1.0,large
Best-DPMM,CellBLAST,DRE_umap_Q_global,12,0.077173,12,0,0,78.0,0.000244,Yes,0.9444,large
Best-DPMM,CellBLAST,DRE_tsne_overall_quality,12,0.228697,12,0,0,78.0,0.000244,Yes,1.0,large
Best-DPMM,CellBLAST,DRE_tsne_distance_correlation,12,0.198651,12,0,0,78.0,0.000244,Yes,0.9306,large
Best-DPMM,CellBLAST,DRE_tsne_Q_local,12,0.344684,12,0,0,78.0,0.000244,Yes,1.0,large
Best-DPMM,CellBLAST,DRE_tsne_Q_global,12,0.142756,12,0,0,78.0,0.000244,Yes,1.0,large
Best-DPMM,CellBLAST,LSE_overall_quality,12,0.128479,8,4,0,66.0,0.01709,Yes,0.5278,large
Best-DPMM,CellBLAST,LSE_core_quality,12,-0.025334,2,10,0,23.0,0.898193,No,-0.5139,large
Best-DPMM,CellBLAST,LSE_manifold_dimensionality,12,0.251082,12,0,0,78.0,0.000244,Yes,1.0,large
Best-DPMM,CellBLAST,LSE_spectral_decay_rate,12,0.219533,12,0,0,78.0,0.000244,Yes,1.0,large
Best-DPMM,CellBLAST,LSE_participation_ratio,12,-0.319888,2,10,0,11.0,0.989502,No,-0.75,large
Best-DPMM,CellBLAST,LSE_anisotropy_score,12,0.252065,10,2,0,63.0,0.031982,Yes,0.6944,large
Best-DPMM,CellBLAST,LSE_trajectory_directionality,12,0.340337,12,0,0,78.0,0.000244,Yes,1.0,large
Best-DPMM,CellBLAST,LSE_noise_resilience,12,0.506233,12,0,0,78.0,0.000244,Yes,1.0,large
Best-DPMM,CellBLAST,DREX_overall_quality,12,0.055495,8,4,0,68.0,0.010498,Yes,0.5556,large
Best-DPMM,CellBLAST,DREX_trustworthiness,12,0.075272,11,1,0,75.0,0.001221,Yes,0.75,large
Best-DPMM,CellBLAST,DREX_continuity,12,0.01444,7,5,0,52.0,0.169678,No,0.3056,small
Best-DPMM,CellBLAST,DREX_distance_spearman,12,0.135955,10,2,0,69.0,0.008057,Yes,0.6806,large
Best-DPMM,CellBLAST,DREX_distance_pearson,12,0.020719,7,5,0,45.0,0.338623,No,0.0556,negligible
Best-DPMM,CellBLAST,DREX_local_scale_quality,12,0.041731,12,0,0,78.0,0.000244,Yes,1.0,large
Best-DPMM,CellBLAST,DREX_neighborhood_symmetry,12,0.044856,9,3,0,68.0,0.010498,Yes,0.625,large
Best-DPMM,CellBLAST,LSEX_overall_quality,12,0.021726,10,2,0,57.0,0.088135,No,0.6667,large
Best-DPMM,CellBLAST,LSEX_two_hop_connectivity,12,-0.106174,0,12,0,0.0,1.0,No,-1.0,large
Best-DPMM,CellBLAST,LSEX_radial_concentration,12,0.098172,10,2,0,57.0,0.088135,No,0.6667,large
Best-DPMM,CellBLAST,LSEX_local_curvature,12,0.104998,12,0,0,78.0,0.000244,Yes,1.0,large
Best-DPMM,CellBLAST,LSEX_entropy_stability,12,-0.010093,0,12,0,0.0,1.0,No,-1.0,large
Best-DPMM,CellBLAST,SecPerEpoch,0,0.0,0,0,0,,,No,-0.0,negligible
Best-DPMM,CellBLAST,PeakGPU_MB,0,0.0,0,0,0,,,No,-0.0,negligible
Best-DPMM,CellBLAST,NumParams,0,0.0,0,0,0,,,No,-0.0,negligible
Best-DPMM,SCALEX,NMI,12,0.414653,12,0,0,78.0,0.000244,Yes,0.9167,large
Best-DPMM,SCALEX,ARI,12,0.304722,12,0,0,78.0,0.000244,Yes,0.9444,large
Best-DPMM,SCALEX,ASW,12,0.36111,12,0,0,78.0,0.000244,Yes,1.0,large
Best-DPMM,SCALEX,DAV,12,1.142278,12,0,0,78.0,0.000244,Yes,1.0,large
Best-DPMM,SCALEX,CAL,12,1107.178204,12,0,0,78.0,0.000244,Yes,1.0,large
Best-DPMM,SCALEX,COR,12,3.884758,12,0,0,78.0,0.000244,Yes,1.0,large
Best-DPMM,SCALEX,DRE_umap_overall_quality,12,0.2748,12,0,0,78.0,0.000244,Yes,1.0,large
Best-DPMM,SCALEX,DRE_umap_distance_correlation,12,0.362417,12,0,0,78.0,0.000244,Yes,1.0,large
Best-DPMM,SCALEX,DRE_umap_Q_local,12,0.325572,12,0,0,78.0,0.000244,Yes,1.0,large
Best-DPMM,SCALEX,DRE_umap_Q_global,12,0.136411,12,0,0,78.0,0.000244,Yes,1.0,large
Best-DPMM,SCALEX,DRE_tsne_overall_quality,12,0.278214,12,0,0,78.0,0.000244,Yes,1.0,large
Best-DPMM,SCALEX,DRE_tsne_distance_correlation,12,0.261361,12,0,0,78.0,0.000244,Yes,1.0,large
Best-DPMM,SCALEX,DRE_tsne_Q_local,12,0.392054,12,0,0,78.0,0.000244,Yes,1.0,large
Best-DPMM,SCALEX,DRE_tsne_Q_global,12,0.181228,12,0,0,78.0,0.000244,Yes,1.0,large
Best-DPMM,SCALEX,LSE_overall_quality,12,0.138849,8,4,0,64.0,0.026123,Yes,0.4722,medium
Best-DPMM,SCALEX,LSE_core_quality,12,-0.020691,2,10,0,23.0,0.898193,No,-0.5278,large
Best-DPMM,SCALEX,LSE_manifold_dimensionality,12,0.352213,12,0,0,78.0,0.000244,Yes,1.0,large
Best-DPMM,SCALEX,LSE_spectral_decay_rate,12,0.261364,12,0,0,78.0,0.000244,Yes,1.0,large
Best-DPMM,SCALEX,LSE_participation_ratio,12,-0.402095,2,10,0,14.0,0.97876,No,-0.6806,large
Best-DPMM,SCALEX,LSE_anisotropy_score,12,0.294247,10,2,0,63.0,0.031982,Yes,0.6667,large
Best-DPMM,SCALEX,LSE_trajectory_directionality,12,0.423628,12,0,0,78.0,0.000244,Yes,1.0,large
Best-DPMM,SCALEX,LSE_noise_resilience,12,0.52929,12,0,0,78.0,0.000244,Yes,1.0,large
Best-DPMM,SCALEX,DREX_overall_quality,12,0.139968,12,0,0,78.0,0.000244,Yes,1.0,large
Best-DPMM,SCALEX,DREX_trustworthiness,12,0.126677,12,0,0,78.0,0.000244,Yes,0.9583,large
Best-DPMM,SCALEX,DREX_continuity,12,0.053615,10,2,0,70.0,0.006104,Yes,0.6111,large
Best-DPMM,SCALEX,DREX_distance_spearman,12,0.309974,12,0,0,78.0,0.000244,Yes,0.9861,large
Best-DPMM,SCALEX,DREX_distance_pearson,12,0.212753,10,2,0,75.0,0.001221,Yes,0.9306,large
Best-DPMM,SCALEX,DREX_local_scale_quality,12,0.046643,12,0,0,78.0,0.000244,Yes,1.0,large
Best-DPMM,SCALEX,DREX_neighborhood_symmetry,12,0.090146,11,1,0,76.0,0.000732,Yes,0.8333,large
Best-DPMM,SCALEX,LSEX_overall_quality,12,0.009687,10,2,0,55.0,0.116699,No,0.5694,large
Best-DPMM,SCALEX,LSEX_two_hop_connectivity,12,-0.10694,0,12,0,0.0,1.0,No,-1.0,large
Best-DPMM,SCALEX,LSEX_radial_concentration,12,0.050382,10,2,0,55.0,0.116699,No,0.5694,large
Best-DPMM,SCALEX,LSEX_local_curvature,12,0.105419,12,0,0,78.0,0.000244,Yes,1.0,large
Best-DPMM,SCALEX,LSEX_entropy_stability,12,-0.010112,0,12,0,0.0,1.0,No,-1.0,large
Best-DPMM,SCALEX,SecPerEpoch,0,0.0,0,0,0,,,No,-0.0,negligible
Best-DPMM,SCALEX,PeakGPU_MB,0,0.0,0,0,0,,,No,-0.0,negligible
Best-DPMM,SCALEX,NumParams,0,0.0,0,0,0,,,No,-0.0,negligible
Best-DPMM,GMVAE,NMI,12,0.42059,12,0,0,78.0,0.000244,Yes,0.9167,large
Best-DPMM,GMVAE,ARI,12,0.331763,12,0,0,78.0,0.000244,Yes,1.0,large
Best-DPMM,GMVAE,ASW,12,0.385779,12,0,0,78.0,0.000244,Yes,1.0,large
Best-DPMM,GMVAE,DAV,12,1.95216,12,0,0,78.0,0.000244,Yes,1.0,large
Best-DPMM,GMVAE,CAL,12,1119.137223,12,0,0,78.0,0.000244,Yes,1.0,large
Best-DPMM,GMVAE,COR,12,3.907876,12,0,0,78.0,0.000244,Yes,1.0,large
Best-DPMM,GMVAE,DRE_umap_overall_quality,12,0.366368,12,0,0,78.0,0.000244,Yes,1.0,large
Best-DPMM,GMVAE,DRE_umap_distance_correlation,12,0.495712,12,0,0,78.0,0.000244,Yes,1.0,large
Best-DPMM,GMVAE,DRE_umap_Q_local,12,0.408908,12,0,0,78.0,0.000244,Yes,1.0,large
Best-DPMM,GMVAE,DRE_umap_Q_global,12,0.194484,12,0,0,78.0,0.000244,Yes,1.0,large
Best-DPMM,GMVAE,DRE_tsne_overall_quality,12,0.366331,12,0,0,78.0,0.000244,Yes,1.0,large
Best-DPMM,GMVAE,DRE_tsne_distance_correlation,12,0.410967,12,0,0,78.0,0.000244,Yes,1.0,large
Best-DPMM,GMVAE,DRE_tsne_Q_local,12,0.451792,12,0,0,78.0,0.000244,Yes,1.0,large
Best-DPMM,GMVAE,DRE_tsne_Q_global,12,0.236235,12,0,0,78.0,0.000244,Yes,1.0,large
Best-DPMM,GMVAE,LSE_overall_quality,12,0.157579,10,2,0,70.0,0.006104,Yes,0.625,large
Best-DPMM,GMVAE,LSE_core_quality,12,-0.010712,2,10,0,23.0,0.898193,No,-0.5278,large
Best-DPMM,GMVAE,LSE_manifold_dimensionality,12,0.433824,12,0,0,78.0,0.000244,Yes,1.0,large
Best-DPMM,GMVAE,LSE_spectral_decay_rate,12,0.314317,12,0,0,78.0,0.000244,Yes,1.0,large
Best-DPMM,GMVAE,LSE_participation_ratio,12,-0.460217,2,10,0,13.0,0.98291,No,-0.6667,large
Best-DPMM,GMVAE,LSE_anisotropy_score,12,0.330772,10,2,0,64.0,0.026123,Yes,0.6667,large
Best-DPMM,GMVAE,LSE_trajectory_directionality,12,0.522534,12,0,0,78.0,0.000244,Yes,1.0,large
Best-DPMM,GMVAE,LSE_noise_resilience,12,0.559479,12,0,0,78.0,0.000244,Yes,1.0,large
Best-DPMM,GMVAE,DREX_overall_quality,12,0.225671,12,0,0,78.0,0.000244,Yes,1.0,large
Best-DPMM,GMVAE,DREX_trustworthiness,12,0.193099,12,0,0,78.0,0.000244,Yes,1.0,large
Best-DPMM,GMVAE,DREX_continuity,12,0.142134,12,0,0,78.0,0.000244,Yes,1.0,large
Best-DPMM,GMVAE,DREX_distance_spearman,12,0.444171,12,0,0,78.0,0.000244,Yes,1.0,large
Best-DPMM,GMVAE,DREX_distance_pearson,12,0.340476,12,0,0,78.0,0.000244,Yes,1.0,large
Best-DPMM,GMVAE,DREX_local_scale_quality,12,0.066527,12,0,0,78.0,0.000244,Yes,1.0,large
Best-DPMM,GMVAE,DREX_neighborhood_symmetry,12,0.167617,12,0,0,78.0,0.000244,Yes,1.0,large
Best-DPMM,GMVAE,LSEX_overall_quality,12,0.035762,10,2,0,65.0,0.02124,Yes,0.6667,large
Best-DPMM,GMVAE,LSEX_two_hop_connectivity,12,-0.163346,0,12,0,0.0,1.0,No,-1.0,large
Best-DPMM,GMVAE,LSEX_radial_concentration,12,0.190848,10,2,0,66.0,0.01709,Yes,0.6667,large
Best-DPMM,GMVAE,LSEX_local_curvature,12,0.126423,12,0,0,78.0,0.000244,Yes,1.0,large
Best-DPMM,GMVAE,LSEX_entropy_stability,12,-0.010878,0,12,0,0.0,1.0,No,-1.0,large
Best-DPMM,GMVAE,SecPerEpoch,0,0.0,0,0,0,,,No,-0.0,negligible
Best-DPMM,GMVAE,PeakGPU_MB,0,0.0,0,0,0,,,No,-0.0,negligible
Best-DPMM,GMVAE,NumParams,0,0.0,0,0,0,,,No,-0.0,negligible
Best-Topic,scDHMap,NMI,12,0.014003,8,4,0,47.0,0.284668,No,0.2222,small
Best-Topic,scDHMap,ARI,12,0.033327,8,4,0,57.0,0.088135,No,0.1667,small
Best-Topic,scDHMap,ASW,12,0.11102,11,1,0,76.0,0.000732,Yes,0.75,large
Best-Topic,scDHMap,DAV,12,0.147306,11,1,0,70.0,0.006104,Yes,0.7083,large
Best-Topic,scDHMap,CAL,12,231.155557,10,2,0,67.0,0.013428,Yes,0.6389,large
Best-Topic,scDHMap,COR,12,-2.250388,0,12,0,0.0,1.0,No,-1.0,large
Best-Topic,scDHMap,DRE_umap_overall_quality,12,-0.021574,5,7,0,27.0,0.830322,No,-0.1528,small
Best-Topic,scDHMap,DRE_umap_distance_correlation,12,-0.033797,4,8,0,19.0,0.945068,No,-0.1944,small
Best-Topic,scDHMap,DRE_umap_Q_local,12,-0.002859,6,6,0,42.0,0.425049,No,0.0,negligible
Best-Topic,scDHMap,DRE_umap_Q_global,12,-0.028066,4,8,0,18.0,0.953857,No,-0.4028,medium
Best-Topic,scDHMap,DRE_tsne_overall_quality,12,-0.018454,4,8,0,27.0,0.830322,No,-0.1667,small
Best-Topic,scDHMap,DRE_tsne_distance_correlation,12,-0.04984,3,9,0,14.0,0.97876,No,-0.2639,small
Best-Topic,scDHMap,DRE_tsne_Q_local,12,0.011662,9,3,0,55.0,0.116699,No,0.125,negligible
Best-Topic,scDHMap,DRE_tsne_Q_global,12,-0.017183,4,8,0,22.0,0.911865,No,-0.25,small
Best-Topic,scDHMap,LSE_overall_quality,12,-0.092284,3,9,0,10.0,0.991943,No,-0.5556,large
Best-Topic,scDHMap,LSE_core_quality,12,0.014923,10,2,0,55.0,0.116699,No,0.5278,large
Best-Topic,scDHMap,LSE_manifold_dimensionality,12,-0.291759,0,12,0,0.0,1.0,No,-1.0,large
Best-Topic,scDHMap,LSE_spectral_decay_rate,12,-0.11408,0,12,0,0.0,1.0,No,-0.9722,large
Best-Topic,scDHMap,LSE_participation_ratio,12,0.190083,10,2,0,72.0,0.003418,Yes,0.6528,large
Best-Topic,scDHMap,LSE_anisotropy_score,12,-0.275448,2,10,0,9.0,0.993896,No,-0.6667,large
Best-Topic,scDHMap,LSE_trajectory_directionality,12,-0.11743,1,11,0,1.0,0.999756,No,-0.6528,large
Best-Topic,scDHMap,LSE_noise_resilience,12,-0.372643,0,12,0,0.0,1.0,No,-0.9444,large
Best-Topic,scDHMap,DREX_overall_quality,12,-0.112532,0,12,0,0.0,1.0,No,-0.9306,large
Best-Topic,scDHMap,DREX_trustworthiness,12,-0.093812,0,12,0,0.0,1.0,No,-1.0,large
Best-Topic,scDHMap,DREX_continuity,12,-0.134275,0,12,0,0.0,1.0,No,-1.0,large
Best-Topic,scDHMap,DREX_distance_spearman,12,-0.141128,1,11,0,2.0,0.999512,No,-0.7083,large
Best-Topic,scDHMap,DREX_distance_pearson,12,-0.125144,1,11,0,5.0,0.998291,No,-0.6111,large
Best-Topic,scDHMap,DREX_local_scale_quality,12,-0.066791,0,12,0,0.0,1.0,No,-1.0,large
Best-Topic,scDHMap,DREX_neighborhood_symmetry,12,-0.114043,0,12,0,0.0,1.0,No,-1.0,large
Best-Topic,scDHMap,LSEX_overall_quality,12,0.034055,12,0,0,78.0,0.000244,Yes,0.9722,large
Best-Topic,scDHMap,LSEX_two_hop_connectivity,12,-0.016028,1,11,0,9.0,0.993896,No,-0.7222,large
Best-Topic,scDHMap,LSEX_radial_concentration,12,0.067882,10,2,0,72.0,0.003418,Yes,0.5972,large
Best-Topic,scDHMap,LSEX_local_curvature,12,0.097361,11,1,0,77.0,0.000488,Yes,0.9583,large
Best-Topic,scDHMap,LSEX_entropy_stability,12,-0.012996,0,12,0,0.0,1.0,No,-0.9444,large
Best-Topic,scDHMap,SecPerEpoch,0,0.0,0,0,0,,,No,-0.0,negligible
Best-Topic,scDHMap,PeakGPU_MB,0,0.0,0,0,0,,,No,-0.0,negligible
Best-Topic,scDHMap,NumParams,0,0.0,0,0,0,,,No,-0.0,negligible
Best-Topic,CLEAR,NMI,12,-0.023739,5,7,0,19.0,0.945068,No,-0.1806,small
Best-Topic,CLEAR,ARI,12,-0.002896,4,8,0,31.0,0.740723,No,-0.0139,negligible
Best-Topic,CLEAR,ASW,12,0.379943,12,0,0,78.0,0.000244,Yes,1.0,large
Best-Topic,CLEAR,DAV,12,2.185375,12,0,0,78.0,0.000244,Yes,1.0,large
Best-Topic,CLEAR,CAL,12,531.591493,12,0,0,78.0,0.000244,Yes,1.0,large
Best-Topic,CLEAR,COR,12,-11.27955,0,12,0,0.0,1.0,No,-1.0,large
Best-Topic,CLEAR,DRE_umap_overall_quality,12,0.228994,12,0,0,78.0,0.000244,Yes,1.0,large
Best-Topic,CLEAR,DRE_umap_distance_correlation,12,0.321341,12,0,0,78.0,0.000244,Yes,1.0,large
Best-Topic,CLEAR,DRE_umap_Q_local,12,0.244184,12,0,0,78.0,0.000244,Yes,1.0,large
Best-Topic,CLEAR,DRE_umap_Q_global,12,0.121456,12,0,0,78.0,0.000244,Yes,1.0,large
Best-Topic,CLEAR,DRE_tsne_overall_quality,12,0.23046,12,0,0,78.0,0.000244,Yes,1.0,large
Best-Topic,CLEAR,DRE_tsne_distance_correlation,12,0.296661,12,0,0,78.0,0.000244,Yes,1.0,large
Best-Topic,CLEAR,DRE_tsne_Q_local,12,0.262702,12,0,0,78.0,0.000244,Yes,1.0,large
Best-Topic,CLEAR,DRE_tsne_Q_global,12,0.132017,12,0,0,78.0,0.000244,Yes,1.0,large
Best-Topic,CLEAR,LSE_overall_quality,12,0.100988,12,0,0,78.0,0.000244,Yes,1.0,large
Best-Topic,CLEAR,LSE_core_quality,12,0.074311,12,0,0,78.0,0.000244,Yes,0.9167,large
Best-Topic,CLEAR,LSE_manifold_dimensionality,12,-0.065248,3,9,0,11.0,0.989502,No,-0.5417,large
Best-Topic,CLEAR,LSE_spectral_decay_rate,12,0.292527,12,0,0,78.0,0.000244,Yes,1.0,large
Best-Topic,CLEAR,LSE_participation_ratio,12,0.135453,10,2,0,69.0,0.008057,Yes,0.5972,large
Best-Topic,CLEAR,LSE_anisotropy_score,12,0.065489,8,4,0,60.0,0.054932,No,0.3889,medium
Best-Topic,CLEAR,LSE_trajectory_directionality,12,0.288416,12,0,0,78.0,0.000244,Yes,1.0,large
Best-Topic,CLEAR,LSE_noise_resilience,12,0.1271,12,0,0,78.0,0.000244,Yes,1.0,large
Best-Topic,CLEAR,DREX_overall_quality,12,0.056353,10,2,0,75.0,0.001221,Yes,0.5139,large
Best-Topic,CLEAR,DREX_trustworthiness,12,-0.017645,3,9,0,6.0,0.997559,No,-0.1806,small
Best-Topic,CLEAR,DREX_continuity,12,-0.074313,0,12,0,0.0,1.0,No,-0.5972,large
Best-Topic,CLEAR,DREX_distance_spearman,12,0.216428,12,0,0,78.0,0.000244,Yes,0.8472,large
Best-Topic,CLEAR,DREX_distance_pearson,12,0.2056,11,1,0,77.0,0.000488,Yes,0.8472,large
Best-Topic,CLEAR,DREX_local_scale_quality,12,0.054027,12,0,0,78.0,0.000244,Yes,1.0,large
Best-Topic,CLEAR,DREX_neighborhood_symmetry,12,-0.045979,0,12,0,0.0,1.0,No,-0.4722,medium
Best-Topic,CLEAR,LSEX_overall_quality,12,0.065722,12,0,0,78.0,0.000244,Yes,1.0,large
Best-Topic,CLEAR,LSEX_two_hop_connectivity,12,-0.104327,0,12,0,0.0,1.0,No,-1.0,large
Best-Topic,CLEAR,LSEX_radial_concentration,12,0.221729,12,0,0,78.0,0.000244,Yes,1.0,large
Best-Topic,CLEAR,LSEX_local_curvature,12,0.16866,12,0,0,78.0,0.000244,Yes,1.0,large
Best-Topic,CLEAR,LSEX_entropy_stability,12,-0.023174,0,12,0,0.0,1.0,No,-1.0,large
Best-Topic,CLEAR,SecPerEpoch,0,0.0,0,0,0,,,No,-0.0,negligible
Best-Topic,CLEAR,PeakGPU_MB,0,0.0,0,0,0,,,No,-0.0,negligible
Best-Topic,CLEAR,NumParams,0,0.0,0,0,0,,,No,-0.0,negligible
Best-Topic,scDAC,NMI,12,0.168137,11,1,0,73.0,0.002441,Yes,0.8056,large
Best-Topic,scDAC,ARI,12,0.148108,10,2,0,66.0,0.01709,Yes,0.6806,large
Best-Topic,scDAC,ASW,12,-0.082331,3,9,0,21.0,0.924316,No,-0.3611,medium
Best-Topic,scDAC,DAV,12,-0.325401,0,12,0,0.0,1.0,No,-0.8889,large
Best-Topic,scDAC,CAL,12,-31497.602996,0,12,0,0.0,1.0,No,-0.9861,large
Best-Topic,scDAC,COR,12,-5.765938,0,12,0,0.0,1.0,No,-1.0,large
Best-Topic,scDAC,DRE_umap_overall_quality,12,-0.026255,4,8,0,18.0,0.953857,No,-0.4167,medium
Best-Topic,scDAC,DRE_umap_distance_correlation,12,0.014025,7,5,0,45.0,0.338623,No,0.0417,negligible
Best-Topic,scDAC,DRE_umap_Q_local,12,-0.053659,1,11,0,4.0,0.998779,No,-0.7917,large
Best-Topic,scDAC,DRE_umap_Q_global,12,-0.039131,3,9,0,8.0,0.995361,No,-0.7083,large
Best-Topic,scDAC,DRE_tsne_overall_quality,12,-0.055897,2,10,0,9.0,0.993896,No,-0.6528,large
Best-Topic,scDAC,DRE_tsne_distance_correlation,12,-0.048563,5,7,0,23.0,0.898193,No,-0.3333,medium
Best-Topic,scDAC,DRE_tsne_Q_local,12,-0.047473,2,10,0,11.0,0.989502,No,-0.4861,large
Best-Topic,scDAC,DRE_tsne_Q_global,12,-0.071654,0,12,0,0.0,1.0,No,-0.9861,large
Best-Topic,scDAC,LSE_overall_quality,12,-0.278095,0,12,0,0.0,1.0,No,-1.0,large
Best-Topic,scDAC,LSE_core_quality,12,-0.07441,3,9,0,8.0,0.995361,No,-0.5139,large
Best-Topic,scDAC,LSE_manifold_dimensionality,12,-0.328978,0,12,0,0.0,1.0,No,-1.0,large
Best-Topic,scDAC,LSE_spectral_decay_rate,12,-0.098367,0,12,0,0.0,1.0,No,-0.8889,large
Best-Topic,scDAC,LSE_participation_ratio,12,-0.092682,4,8,0,22.0,0.911865,No,-0.2361,small
Best-Topic,scDAC,LSE_anisotropy_score,12,-0.222385,3,9,0,13.0,0.98291,No,-0.5278,large
Best-Topic,scDAC,LSE_trajectory_directionality,12,-0.386404,0,12,0,0.0,1.0,No,-0.9861,large
Best-Topic,scDAC,LSE_noise_resilience,12,-0.734,0,12,0,0.0,1.0,No,-1.0,large
Best-Topic,scDAC,DREX_overall_quality,12,-0.025104,5,7,0,29.0,0.788086,No,-0.1111,negligible
Best-Topic,scDAC,DREX_trustworthiness,12,-0.089755,0,12,0,0.0,1.0,No,-1.0,large
Best-Topic,scDAC,DREX_continuity,12,-0.142286,0,12,0,0.0,1.0,No,-1.0,large
Best-Topic,scDAC,DREX_distance_spearman,12,-0.092952,3,9,0,20.0,0.935303,No,-0.4861,large
Best-Topic,scDAC,DREX_distance_pearson,12,0.349048,11,1,0,73.0,0.002441,Yes,0.75,large
Best-Topic,scDAC,DREX_local_scale_quality,12,-0.058662,0,12,0,0.0,1.0,No,-0.9861,large
Best-Topic,scDAC,DREX_neighborhood_symmetry,12,-0.11602,0,12,0,0.0,1.0,No,-1.0,large
Best-Topic,scDAC,LSEX_overall_quality,12,0.094429,11,1,0,73.0,0.002441,Yes,0.6944,large
Best-Topic,scDAC,LSEX_two_hop_connectivity,12,0.005533,7,5,0,50.0,0.211914,No,0.2778,small
Best-Topic,scDAC,LSEX_radial_concentration,12,0.374391,10,2,0,71.0,0.004639,Yes,0.6667,large
Best-Topic,scDAC,LSEX_local_curvature,12,0.007323,6,6,0,46.0,0.311035,No,0.1667,small
Best-Topic,scDAC,LSEX_entropy_stability,12,-0.009532,0,12,0,0.0,1.0,No,-0.7361,large
Best-Topic,scDAC,SecPerEpoch,0,0.0,0,0,0,,,No,-0.0,negligible
Best-Topic,scDAC,PeakGPU_MB,0,0.0,0,0,0,,,No,-0.0,negligible
Best-Topic,scDAC,NumParams,0,0.0,0,0,0,,,No,-0.0,negligible
Best-Topic,scDeepCluster,NMI,12,0.154871,12,0,0,78.0,0.000244,Yes,0.8472,large
Best-Topic,scDeepCluster,ARI,12,0.166066,12,0,0,78.0,0.000244,Yes,0.7361,large
Best-Topic,scDeepCluster,ASW,12,0.268802,12,0,0,78.0,0.000244,Yes,1.0,large
Best-Topic,scDeepCluster,DAV,12,0.668453,12,0,0,78.0,0.000244,Yes,1.0,large
Best-Topic,scDeepCluster,CAL,12,434.013349,12,0,0,78.0,0.000244,Yes,1.0,large
Best-Topic,scDeepCluster,COR,12,-1.605052,1,11,0,1.0,0.999756,No,-0.9028,large
Best-Topic,scDeepCluster,DRE_umap_overall_quality,12,0.035741,8,4,0,65.0,0.02124,Yes,0.5278,large
Best-Topic,scDeepCluster,DRE_umap_distance_correlation,12,-0.030311,7,5,0,29.0,0.788086,No,-0.1944,small
Best-Topic,scDeepCluster,DRE_umap_Q_local,12,0.153854,12,0,0,78.0,0.000244,Yes,1.0,large
Best-Topic,scDeepCluster,DRE_umap_Q_global,12,-0.016321,5,7,0,30.0,0.765137,No,-0.1806,small
Best-Topic,scDeepCluster,DRE_tsne_overall_quality,12,0.046778,9,3,0,67.0,0.013428,Yes,0.5972,large
Best-Topic,scDeepCluster,DRE_tsne_distance_correlation,12,-0.042949,5,7,0,25.0,0.866943,No,-0.2639,small
Best-Topic,scDeepCluster,DRE_tsne_Q_local,12,0.173344,12,0,0,78.0,0.000244,Yes,1.0,large
Best-Topic,scDeepCluster,DRE_tsne_Q_global,12,0.00994,8,4,0,49.0,0.234863,No,0.3333,medium
Best-Topic,scDeepCluster,LSE_overall_quality,12,-0.006305,5,7,0,41.0,0.454834,No,-0.0417,negligible
Best-Topic,scDeepCluster,LSE_core_quality,12,0.051461,10,2,0,65.0,0.02124,Yes,0.6389,large
Best-Topic,scDeepCluster,LSE_manifold_dimensionality,12,-0.097847,1,11,0,4.0,0.998779,No,-0.6528,large
Best-Topic,scDeepCluster,LSE_spectral_decay_rate,12,0.000673,6,6,0,38.0,0.545166,No,-0.0556,negligible
Best-Topic,scDeepCluster,LSE_participation_ratio,12,0.210717,11,1,0,72.0,0.003418,Yes,0.7083,large
Best-Topic,scDeepCluster,LSE_anisotropy_score,12,-0.092303,3,9,0,16.0,0.968018,No,-0.5,large
Best-Topic,scDeepCluster,LSE_trajectory_directionality,12,-0.242427,1,11,0,1.0,0.999756,No,-0.9583,large
Best-Topic,scDeepCluster,LSE_noise_resilience,12,-0.129266,1,11,0,6.0,0.997559,No,-0.7917,large
Best-Topic,scDeepCluster,DREX_overall_quality,12,-0.09199,1,11,0,2.0,0.999512,No,-0.9028,large
Best-Topic,scDeepCluster,DREX_trustworthiness,12,-0.051474,1,11,0,3.0,0.999268,No,-0.7639,large
Best-Topic,scDeepCluster,DREX_continuity,12,-0.11186,1,11,0,1.0,0.999756,No,-0.9028,large
Best-Topic,scDeepCluster,DREX_distance_spearman,12,-0.137597,1,11,0,4.0,0.998779,No,-0.8194,large
Best-Topic,scDeepCluster,DREX_distance_pearson,12,-0.148211,2,10,0,6.0,0.997559,No,-0.7917,large
Best-Topic,scDeepCluster,DREX_local_scale_quality,12,-0.021133,1,11,0,5.0,0.998291,No,-0.7083,large
Best-Topic,scDeepCluster,DREX_neighborhood_symmetry,12,-0.081667,1,11,0,1.0,0.999756,No,-0.8889,large
Best-Topic,scDeepCluster,LSEX_overall_quality,12,0.015594,8,4,0,64.0,0.026123,Yes,0.5417,large
Best-Topic,scDeepCluster,LSEX_two_hop_connectivity,12,-0.064273,0,12,0,0.0,1.0,No,-1.0,large
Best-Topic,scDeepCluster,LSEX_radial_concentration,12,0.01235,8,4,0,48.0,0.259277,No,0.0833,negligible
Best-Topic,scDeepCluster,LSEX_local_curvature,12,0.134963,12,0,0,78.0,0.000244,Yes,1.0,large
Best-Topic,scDeepCluster,LSEX_entropy_stability,12,-0.020661,0,12,0,0.0,1.0,No,-1.0,large
Best-Topic,scDeepCluster,SecPerEpoch,0,0.0,0,0,0,,,No,-0.0,negligible
Best-Topic,scDeepCluster,PeakGPU_MB,0,0.0,0,0,0,,,No,-0.0,negligible
Best-Topic,scDeepCluster,NumParams,0,0.0,0,0,0,,,No,-0.0,negligible
Best-Topic,scGNN,NMI,12,0.251772,12,0,0,78.0,0.000244,Yes,0.8472,large
Best-Topic,scGNN,ARI,12,0.247322,12,0,0,78.0,0.000244,Yes,0.8472,large
Best-Topic,scGNN,ASW,12,0.146048,12,0,0,78.0,0.000244,Yes,1.0,large
Best-Topic,scGNN,DAV,12,0.260502,12,0,0,78.0,0.000244,Yes,0.9028,large
Best-Topic,scGNN,CAL,12,360.844049,12,0,0,78.0,0.000244,Yes,0.9583,large
Best-Topic,scGNN,COR,12,-1.948375,0,12,0,0.0,1.0,No,-0.9444,large
Best-Topic,scGNN,DRE_umap_overall_quality,12,0.029406,9,3,0,60.0,0.054932,No,0.3056,small
Best-Topic,scGNN,DRE_umap_distance_correlation,12,-0.005592,5,7,0,35.0,0.633301,No,-0.1667,small
Best-Topic,scGNN,DRE_umap_Q_local,12,0.084612,11,1,0,76.0,0.000732,Yes,0.7361,large
Best-Topic,scGNN,DRE_umap_Q_global,12,0.009198,5,7,0,43.0,0.395508,No,0.0833,negligible
Best-Topic,scGNN,DRE_tsne_overall_quality,12,0.019599,6,6,0,51.0,0.190186,No,0.2083,small
Best-Topic,scGNN,DRE_tsne_distance_correlation,12,-0.0278,6,6,0,30.0,0.765137,No,-0.1667,small
Best-Topic,scGNN,DRE_tsne_Q_local,12,0.074201,11,1,0,77.0,0.000488,Yes,0.7222,large
Best-Topic,scGNN,DRE_tsne_Q_global,12,0.012396,7,5,0,48.0,0.259277,No,0.2083,small
Best-Topic,scGNN,LSE_overall_quality,12,-0.061707,5,7,0,20.0,0.935303,No,-0.1667,small
Best-Topic,scGNN,LSE_core_quality,12,0.021602,10,2,0,56.0,0.101807,No,0.4028,medium
Best-Topic,scGNN,LSE_manifold_dimensionality,12,-0.124707,1,11,0,1.0,0.999756,No,-0.7361,large
Best-Topic,scGNN,LSE_spectral_decay_rate,12,-0.065415,4,8,0,15.0,0.973877,No,-0.4444,medium
Best-Topic,scGNN,LSE_participation_ratio,12,0.083489,8,4,0,55.0,0.116699,No,0.4167,medium
Best-Topic,scGNN,LSE_anisotropy_score,12,-0.19304,2,10,0,11.0,0.989502,No,-0.5417,large
Best-Topic,scGNN,LSE_trajectory_directionality,12,-0.108196,2,10,0,9.0,0.993896,No,-0.6389,large
Best-Topic,scGNN,LSE_noise_resilience,12,-0.253566,1,11,0,4.0,0.998779,No,-0.7222,large
Best-Topic,scGNN,DREX_overall_quality,12,-0.079743,2,10,0,4.0,0.998779,No,-0.6806,large
Best-Topic,scGNN,DREX_trustworthiness,12,-0.07915,0,12,0,0.0,1.0,No,-0.9444,large
Best-Topic,scGNN,DREX_continuity,12,-0.122686,0,12,0,0.0,1.0,No,-0.9722,large
Best-Topic,scGNN,DREX_distance_spearman,12,-0.112724,3,9,0,13.0,0.98291,No,-0.5139,large
Best-Topic,scGNN,DREX_distance_pearson,12,-0.078267,5,7,0,22.0,0.911865,No,-0.375,medium
Best-Topic,scGNN,DREX_local_scale_quality,12,0.015289,8,4,0,50.0,0.211914,No,0.2639,small
Best-Topic,scGNN,DREX_neighborhood_symmetry,12,-0.100918,0,12,0,0.0,1.0,No,-0.9861,large
Best-Topic,scGNN,LSEX_overall_quality,12,0.015583,8,4,0,63.0,0.031982,Yes,0.5417,large
Best-Topic,scGNN,LSEX_two_hop_connectivity,12,-0.027812,0,12,0,0.0,1.0,No,-0.8611,large
Best-Topic,scGNN,LSEX_radial_concentration,12,-0.004541,7,5,0,39.0,0.515137,No,-0.0833,negligible
Best-Topic,scGNN,LSEX_local_curvature,12,0.101897,12,0,0,78.0,0.000244,Yes,1.0,large
Best-Topic,scGNN,LSEX_entropy_stability,12,-0.00721,4,8,0,19.0,0.945068,No,-0.4861,large
Best-Topic,scGNN,SecPerEpoch,0,0.0,0,0,0,,,No,-0.0,negligible
Best-Topic,scGNN,PeakGPU_MB,0,0.0,0,0,0,,,No,-0.0,negligible
Best-Topic,scGNN,NumParams,0,0.0,0,0,0,,,No,-0.0,negligible
Best-Topic,siVAE,NMI,12,0.326268,12,0,0,78.0,0.000244,Yes,0.8472,large
Best-Topic,siVAE,ARI,12,0.281471,12,0,0,78.0,0.000244,Yes,0.8472,large
Best-Topic,siVAE,ASW,12,0.16338,12,0,0,78.0,0.000244,Yes,0.8889,large
Best-Topic,siVAE,DAV,12,0.239165,11,1,0,76.0,0.000732,Yes,0.7917,large
Best-Topic,siVAE,CAL,12,-296.01629,6,6,0,33.0,0.688965,No,0.0139,negligible
Best-Topic,siVAE,COR,12,-3.184615,0,12,0,0.0,1.0,No,-0.9444,large
Best-Topic,siVAE,DRE_umap_overall_quality,12,-0.045703,3,9,0,10.0,0.991943,No,-0.5556,large
Best-Topic,siVAE,DRE_umap_distance_correlation,12,-0.098362,1,11,0,3.0,0.999268,No,-0.6806,large
Best-Topic,siVAE,DRE_umap_Q_local,12,0.033052,8,4,0,60.0,0.054932,No,0.2778,small
Best-Topic,siVAE,DRE_umap_Q_global,12,-0.0718,0,12,0,0.0,1.0,No,-0.8333,large
Best-Topic,siVAE,DRE_tsne_overall_quality,12,-0.04082,4,8,0,12.0,0.986572,No,-0.4861,large
Best-Topic,siVAE,DRE_tsne_distance_correlation,12,-0.112358,2,10,0,3.0,0.999268,No,-0.6944,large
Best-Topic,siVAE,DRE_tsne_Q_local,12,0.050063,9,3,0,67.0,0.013428,Yes,0.4306,medium
Best-Topic,siVAE,DRE_tsne_Q_global,12,-0.060165,0,12,0,0.0,1.0,No,-0.7083,large
Best-Topic,siVAE,LSE_overall_quality,12,-0.229508,1,11,0,1.0,0.999756,No,-0.8889,large
Best-Topic,siVAE,LSE_core_quality,12,-0.006318,9,3,0,54.0,0.133057,No,0.4306,medium
Best-Topic,siVAE,LSE_manifold_dimensionality,12,-0.343684,0,12,0,0.0,1.0,No,-0.9306,large
Best-Topic,siVAE,LSE_spectral_decay_rate,12,-0.124848,1,11,0,4.0,0.998779,No,-0.8056,large
Best-Topic,siVAE,LSE_participation_ratio,12,0.244949,10,2,0,66.0,0.01709,Yes,0.5833,large
Best-Topic,siVAE,LSE_anisotropy_score,12,-0.198312,2,10,0,10.0,0.991943,No,-0.5556,large
Best-Topic,siVAE,LSE_trajectory_directionality,12,-0.482586,1,11,0,1.0,0.999756,No,-0.8611,large
Best-Topic,siVAE,LSE_noise_resilience,12,-0.737347,0,12,0,0.0,1.0,No,-0.875,large
Best-Topic,siVAE,DREX_overall_quality,12,-0.125525,0,12,0,0.0,1.0,No,-0.9722,large
Best-Topic,siVAE,DREX_trustworthiness,12,-0.082327,0,12,0,0.0,1.0,No,-0.9583,large
Best-Topic,siVAE,DREX_continuity,12,-0.134313,0,12,0,0.0,1.0,No,-0.9722,large
Best-Topic,siVAE,DREX_distance_spearman,12,-0.206114,0,12,0,0.0,1.0,No,-0.9028,large
Best-Topic,siVAE,DREX_distance_pearson,12,-0.175983,0,12,0,0.0,1.0,No,-0.8194,large
Best-Topic,siVAE,DREX_local_scale_quality,12,-0.04609,1,11,0,1.0,0.999756,No,-0.8889,large
Best-Topic,siVAE,DREX_neighborhood_symmetry,12,-0.10832,0,12,0,0.0,1.0,No,-0.9722,large
Best-Topic,siVAE,LSEX_overall_quality,12,-0.029274,1,11,0,2.0,0.999512,No,-0.6944,large
Best-Topic,siVAE,LSEX_two_hop_connectivity,12,-0.026142,1,11,0,2.0,0.999512,No,-0.8056,large
Best-Topic,siVAE,LSEX_radial_concentration,12,-0.173294,0,12,0,0.0,1.0,No,-0.875,large
Best-Topic,siVAE,LSEX_local_curvature,12,0.100129,12,0,0,78.0,0.000244,Yes,0.9722,large
Best-Topic,siVAE,LSEX_entropy_stability,12,-0.017791,0,12,0,0.0,1.0,No,-0.9861,large
Best-Topic,siVAE,SecPerEpoch,0,0.0,0,0,0,,,No,-0.0,negligible
Best-Topic,siVAE,PeakGPU_MB,0,0.0,0,0,0,,,No,-0.0,negligible
Best-Topic,siVAE,NumParams,0,0.0,0,0,0,,,No,-0.0,negligible
Best-Topic,scSMD,NMI,12,0.39244,12,0,0,78.0,0.000244,Yes,0.8611,large
Best-Topic,scSMD,ARI,12,0.309547,11,1,0,77.0,0.000488,Yes,0.8333,large
Best-Topic,scSMD,ASW,12,0.145207,12,0,0,78.0,0.000244,Yes,0.8611,large
Best-Topic,scSMD,DAV,12,0.133817,9,3,0,66.0,0.01709,Yes,0.5278,large
Best-Topic,scSMD,CAL,12,-537.860113,3,9,0,20.0,0.935303,No,-0.2083,small
Best-Topic,scSMD,COR,12,-4.97655,0,12,0,0.0,1.0,No,-1.0,large
Best-Topic,scSMD,DRE_umap_overall_quality,12,-0.060195,2,10,0,3.0,0.999268,No,-0.7917,large
Best-Topic,scSMD,DRE_umap_distance_correlation,12,-0.103114,0,12,0,0.0,1.0,No,-0.8889,large
Best-Topic,scSMD,DRE_umap_Q_local,12,-0.000321,4,8,0,30.0,0.765137,No,-0.1667,small
Best-Topic,scSMD,DRE_umap_Q_global,12,-0.077149,0,12,0,0.0,1.0,No,-0.9861,large
Best-Topic,scSMD,DRE_tsne_overall_quality,12,-0.073024,1,11,0,2.0,0.999512,No,-0.8472,large
Best-Topic,scSMD,DRE_tsne_distance_correlation,12,-0.145722,0,12,0,0.0,1.0,No,-0.9722,large
Best-Topic,scSMD,DRE_tsne_Q_local,12,0.015026,7,5,0,45.0,0.338623,No,0.1667,small
Best-Topic,scSMD,DRE_tsne_Q_global,12,-0.088376,0,12,0,0.0,1.0,No,-1.0,large
Best-Topic,scSMD,LSE_overall_quality,12,-0.271888,0,12,0,0.0,1.0,No,-1.0,large
Best-Topic,scSMD,LSE_core_quality,12,-0.018174,9,3,0,53.0,0.150635,No,0.4028,medium
Best-Topic,scSMD,LSE_manifold_dimensionality,12,-0.384583,0,12,0,0.0,1.0,No,-1.0,large
Best-Topic,scSMD,LSE_spectral_decay_rate,12,-0.147086,1,11,0,2.0,0.999512,No,-0.9444,large
Best-Topic,scSMD,LSE_participation_ratio,12,0.269256,10,2,0,68.0,0.010498,Yes,0.6667,large
Best-Topic,scSMD,LSE_anisotropy_score,12,-0.189718,2,10,0,14.0,0.97876,No,-0.6528,large
Best-Topic,scSMD,LSE_trajectory_directionality,12,-0.517118,0,12,0,0.0,1.0,No,-1.0,large
Best-Topic,scSMD,LSE_noise_resilience,12,-0.849686,0,12,0,0.0,1.0,No,-1.0,large
Best-Topic,scSMD,DREX_overall_quality,12,-0.113116,0,12,0,0.0,1.0,No,-0.9306,large
Best-Topic,scSMD,DREX_trustworthiness,12,-0.085778,0,12,0,0.0,1.0,No,-1.0,large
Best-Topic,scSMD,DREX_continuity,12,-0.137058,0,12,0,0.0,1.0,No,-1.0,large
Best-Topic,scSMD,DREX_distance_spearman,12,-0.210908,0,12,0,0.0,1.0,No,-0.9861,large
Best-Topic,scSMD,DREX_distance_pearson,12,-0.102048,2,10,0,16.0,0.968018,No,-0.5833,large
Best-Topic,scSMD,DREX_local_scale_quality,12,-0.031481,0,12,0,0.0,1.0,No,-0.9028,large
Best-Topic,scSMD,DREX_neighborhood_symmetry,12,-0.111418,0,12,0,0.0,1.0,No,-1.0,large
Best-Topic,scSMD,LSEX_overall_quality,12,-0.028205,3,9,0,13.0,0.98291,No,-0.5972,large
Best-Topic,scSMD,LSEX_two_hop_connectivity,12,-0.018034,2,10,0,3.0,0.999268,No,-0.6944,large
Best-Topic,scSMD,LSEX_radial_concentration,12,-0.164513,1,11,0,6.0,0.997559,No,-0.6944,large
Best-Topic,scSMD,LSEX_local_curvature,12,0.086422,12,0,0,78.0,0.000244,Yes,0.9444,large
Best-Topic,scSMD,LSEX_entropy_stability,12,-0.016697,0,12,0,0.0,1.0,No,-1.0,large
Best-Topic,scSMD,SecPerEpoch,0,0.0,0,0,0,,,No,-0.0,negligible
Best-Topic,scSMD,PeakGPU_MB,0,0.0,0,0,0,,,No,-0.0,negligible
Best-Topic,scSMD,NumParams,0,0.0,0,0,0,,,No,-0.0,negligible
Best-Topic,scDiffusion,NMI,12,0.445464,12,0,0,78.0,0.000244,Yes,0.8611,large
Best-Topic,scDiffusion,ARI,12,0.345773,12,0,0,78.0,0.000244,Yes,0.8611,large
Best-Topic,scDiffusion,ASW,12,0.303995,12,0,0,78.0,0.000244,Yes,1.0,large
Best-Topic,scDiffusion,DAV,12,0.712517,12,0,0,78.0,0.000244,Yes,1.0,large
Best-Topic,scDiffusion,CAL,12,466.609304,12,0,0,78.0,0.000244,Yes,1.0,large
Best-Topic,scDiffusion,COR,12,-0.272978,4,8,0,19.0,0.945068,No,-0.4028,medium
Best-Topic,scDiffusion,DRE_umap_overall_quality,12,0.057283,10,2,0,67.0,0.013428,Yes,0.4861,large
Best-Topic,scDiffusion,DRE_umap_distance_correlation,12,0.006929,6,6,0,44.0,0.366699,No,-0.0694,negligible
Best-Topic,scDiffusion,DRE_umap_Q_local,12,0.174442,11,1,0,77.0,0.000488,Yes,0.9722,large
Best-Topic,scDiffusion,DRE_umap_Q_global,12,-0.009523,6,6,0,32.0,0.715332,No,-0.1667,small
Best-Topic,scDiffusion,DRE_tsne_overall_quality,12,0.104072,10,2,0,75.0,0.001221,Yes,0.8056,large
Best-Topic,scDiffusion,DRE_tsne_distance_correlation,12,0.021927,7,5,0,49.0,0.234863,No,0.1806,small
Best-Topic,scDiffusion,DRE_tsne_Q_local,12,0.24608,12,0,0,78.0,0.000244,Yes,1.0,large
Best-Topic,scDiffusion,DRE_tsne_Q_global,12,0.044209,9,3,0,67.0,0.013428,Yes,0.5556,large
Best-Topic,scDiffusion,LSE_overall_quality,12,-0.019155,7,5,0,35.0,0.633301,No,0.0833,negligible
Best-Topic,scDiffusion,LSE_core_quality,12,0.036889,10,2,0,66.0,0.01709,Yes,0.5,large
Best-Topic,scDiffusion,LSE_manifold_dimensionality,12,-0.080218,3,9,0,12.0,0.986572,No,-0.5972,large
Best-Topic,scDiffusion,LSE_spectral_decay_rate,12,0.030368,8,4,0,58.0,0.075684,No,0.3889,medium
Best-Topic,scDiffusion,LSE_participation_ratio,12,0.108582,10,2,0,63.0,0.031982,Yes,0.5417,large
Best-Topic,scDiffusion,LSE_anisotropy_score,12,-0.088824,4,8,0,18.0,0.953857,No,-0.4444,medium
Best-Topic,scDiffusion,LSE_trajectory_directionality,12,-0.10461,1,11,0,6.0,0.997559,No,-0.5694,large
Best-Topic,scDiffusion,LSE_noise_resilience,12,-0.135331,1,11,0,3.0,0.999268,No,-0.6806,large
Best-Topic,scDiffusion,DREX_overall_quality,12,-0.066526,3,9,0,8.0,0.995361,No,-0.5417,large
Best-Topic,scDiffusion,DREX_trustworthiness,12,-0.024823,6,6,0,30.0,0.765137,No,-0.2083,small
Best-Topic,scDiffusion,DREX_continuity,12,-0.096172,1,11,0,2.0,0.999512,No,-0.8472,large
Best-Topic,scDiffusion,DREX_distance_spearman,12,-0.100103,4,8,0,14.0,0.97876,No,-0.4444,medium
Best-Topic,scDiffusion,DREX_distance_pearson,12,-0.110705,4,8,0,10.0,0.991943,No,-0.4444,medium
Best-Topic,scDiffusion,DREX_local_scale_quality,12,-0.006859,6,6,0,25.0,0.866943,No,-0.2778,small
Best-Topic,scDiffusion,DREX_neighborhood_symmetry,12,-0.060498,3,9,0,13.0,0.98291,No,-0.5833,large
Best-Topic,scDiffusion,LSEX_overall_quality,12,0.016211,11,1,0,72.0,0.003418,Yes,0.6389,large
Best-Topic,scDiffusion,LSEX_two_hop_connectivity,12,-0.080707,0,12,0,0.0,1.0,No,-1.0,large
Best-Topic,scDiffusion,LSEX_radial_concentration,12,0.013733,7,5,0,48.0,0.259277,No,0.0833,negligible
Best-Topic,scDiffusion,LSEX_local_curvature,12,0.154095,12,0,0,78.0,0.000244,Yes,1.0,large
Best-Topic,scDiffusion,LSEX_entropy_stability,12,-0.022279,0,12,0,0.0,1.0,No,-1.0,large
Best-Topic,scDiffusion,SecPerEpoch,0,0.0,0,0,0,,,No,-0.0,negligible
Best-Topic,scDiffusion,PeakGPU_MB,0,0.0,0,0,0,,,No,-0.0,negligible
Best-Topic,scDiffusion,NumParams,0,0.0,0,0,0,,,No,-0.0,negligible
Best-Topic,CellBLAST,NMI,12,0.423989,12,0,0,78.0,0.000244,Yes,0.8611,large
Best-Topic,CellBLAST,ARI,12,0.329907,12,0,0,78.0,0.000244,Yes,0.8472,large
Best-Topic,CellBLAST,ASW,12,0.374025,12,0,0,78.0,0.000244,Yes,1.0,large
Best-Topic,CellBLAST,DAV,12,1.167457,12,0,0,78.0,0.000244,Yes,1.0,large
Best-Topic,CellBLAST,CAL,12,516.283739,12,0,0,78.0,0.000244,Yes,1.0,large
Best-Topic,CellBLAST,COR,12,0.664338,12,0,0,78.0,0.000244,Yes,0.8056,large
Best-Topic,CellBLAST,DRE_umap_overall_quality,12,0.22308,12,0,0,78.0,0.000244,Yes,1.0,large
Best-Topic,CellBLAST,DRE_umap_distance_correlation,12,0.253271,12,0,0,78.0,0.000244,Yes,1.0,large
Best-Topic,CellBLAST,DRE_umap_Q_local,12,0.330092,12,0,0,78.0,0.000244,Yes,1.0,large
Best-Topic,CellBLAST,DRE_umap_Q_global,12,0.085877,12,0,0,78.0,0.000244,Yes,1.0,large
Best-Topic,CellBLAST,DRE_tsne_overall_quality,12,0.257337,12,0,0,78.0,0.000244,Yes,1.0,large
Best-Topic,CellBLAST,DRE_tsne_distance_correlation,12,0.223927,12,0,0,78.0,0.000244,Yes,1.0,large
Best-Topic,CellBLAST,DRE_tsne_Q_local,12,0.407037,12,0,0,78.0,0.000244,Yes,1.0,large
Best-Topic,CellBLAST,DRE_tsne_Q_global,12,0.141046,12,0,0,78.0,0.000244,Yes,1.0,large
Best-Topic,CellBLAST,LSE_overall_quality,12,0.01417,5,7,0,31.0,0.740723,No,-0.2361,small
Best-Topic,CellBLAST,LSE_core_quality,12,-0.007361,3,9,0,25.0,0.866943,No,-0.4167,medium
Best-Topic,CellBLAST,LSE_manifold_dimensionality,12,0.049501,7,5,0,61.0,0.046143,Yes,0.4028,medium
Best-Topic,CellBLAST,LSE_spectral_decay_rate,12,0.198066,12,0,0,78.0,0.000244,Yes,1.0,large
Best-Topic,CellBLAST,LSE_participation_ratio,12,-0.1338,3,9,0,17.0,0.961426,No,-0.5694,large
Best-Topic,CellBLAST,LSE_anisotropy_score,12,0.143212,10,2,0,63.0,0.031982,Yes,0.6389,large
Best-Topic,CellBLAST,LSE_trajectory_directionality,12,0.105481,11,1,0,73.0,0.002441,Yes,0.8472,large
Best-Topic,CellBLAST,LSE_noise_resilience,12,0.072882,11,1,0,77.0,0.000488,Yes,0.9722,large
Best-Topic,CellBLAST,DREX_overall_quality,12,0.063161,8,4,0,67.0,0.013428,Yes,0.5694,large
Best-Topic,CellBLAST,DREX_trustworthiness,12,0.082343,11,1,0,75.0,0.001221,Yes,0.8056,large
Best-Topic,CellBLAST,DREX_continuity,12,-0.020924,7,5,0,31.0,0.740723,No,0.1667,small
Best-Topic,CellBLAST,DREX_distance_spearman,12,0.147902,9,3,0,72.0,0.003418,Yes,0.6667,large
Best-Topic,CellBLAST,DREX_distance_pearson,12,0.124276,9,3,0,68.0,0.010498,Yes,0.6389,large
Best-Topic,CellBLAST,DREX_local_scale_quality,12,0.01466,10,2,0,73.0,0.002441,Yes,0.5833,large
Best-Topic,CellBLAST,DREX_neighborhood_symmetry,12,0.030709,8,4,0,56.0,0.101807,No,0.2917,small
Best-Topic,CellBLAST,LSEX_overall_quality,12,0.021836,11,1,0,77.0,0.000488,Yes,0.8611,large
Best-Topic,CellBLAST,LSEX_two_hop_connectivity,12,-0.123541,0,12,0,0.0,1.0,No,-1.0,large
Best-Topic,CellBLAST,LSEX_radial_concentration,12,0.059745,9,3,0,69.0,0.008057,Yes,0.5278,large
Best-Topic,CellBLAST,LSEX_local_curvature,12,0.17442,12,0,0,78.0,0.000244,Yes,1.0,large
Best-Topic,CellBLAST,LSEX_entropy_stability,12,-0.023282,0,12,0,0.0,1.0,No,-1.0,large
Best-Topic,CellBLAST,SecPerEpoch,0,0.0,0,0,0,,,No,-0.0,negligible
Best-Topic,CellBLAST,PeakGPU_MB,0,0.0,0,0,0,,,No,-0.0,negligible
Best-Topic,CellBLAST,NumParams,0,0.0,0,0,0,,,No,-0.0,negligible
Best-Topic,SCALEX,NMI,12,0.445572,12,0,0,78.0,0.000244,Yes,0.875,large
Best-Topic,SCALEX,ARI,12,0.321139,10,2,0,75.0,0.001221,Yes,0.8056,large
Best-Topic,SCALEX,ASW,12,0.388853,12,0,0,78.0,0.000244,Yes,1.0,large
Best-Topic,SCALEX,DAV,12,1.165784,12,0,0,78.0,0.000244,Yes,1.0,large
Best-Topic,SCALEX,CAL,12,522.561786,12,0,0,78.0,0.000244,Yes,1.0,large
Best-Topic,SCALEX,COR,12,0.904948,12,0,0,78.0,0.000244,Yes,1.0,large
Best-Topic,SCALEX,DRE_umap_overall_quality,12,0.320706,12,0,0,78.0,0.000244,Yes,1.0,large
Best-Topic,SCALEX,DRE_umap_distance_correlation,12,0.426106,12,0,0,78.0,0.000244,Yes,1.0,large
Best-Topic,SCALEX,DRE_umap_Q_local,12,0.390895,12,0,0,78.0,0.000244,Yes,1.0,large
Best-Topic,SCALEX,DRE_umap_Q_global,12,0.145116,12,0,0,78.0,0.000244,Yes,1.0,large
Best-Topic,SCALEX,DRE_tsne_overall_quality,12,0.306854,12,0,0,78.0,0.000244,Yes,1.0,large
Best-Topic,SCALEX,DRE_tsne_distance_correlation,12,0.286637,12,0,0,78.0,0.000244,Yes,1.0,large
Best-Topic,SCALEX,DRE_tsne_Q_local,12,0.454407,12,0,0,78.0,0.000244,Yes,1.0,large
Best-Topic,SCALEX,DRE_tsne_Q_global,12,0.179518,12,0,0,78.0,0.000244,Yes,1.0,large
Best-Topic,SCALEX,LSE_overall_quality,12,0.02454,2,10,0,23.0,0.898193,No,-0.4167,medium
Best-Topic,SCALEX,LSE_core_quality,12,-0.002718,2,10,0,23.0,0.898193,No,-0.625,large
Best-Topic,SCALEX,LSE_manifold_dimensionality,12,0.150631,12,0,0,78.0,0.000244,Yes,0.9861,large
Best-Topic,SCALEX,LSE_spectral_decay_rate,12,0.239897,12,0,0,78.0,0.000244,Yes,1.0,large
Best-Topic,SCALEX,LSE_participation_ratio,12,-0.216007,2,10,0,19.0,0.945068,No,-0.6667,large
Best-Topic,SCALEX,LSE_anisotropy_score,12,0.185394,10,2,0,62.0,0.038574,Yes,0.6667,large
Best-Topic,SCALEX,LSE_trajectory_directionality,12,0.188772,12,0,0,78.0,0.000244,Yes,1.0,large
Best-Topic,SCALEX,LSE_noise_resilience,12,0.095938,12,0,0,78.0,0.000244,Yes,1.0,large
Best-Topic,SCALEX,DREX_overall_quality,12,0.147633,11,1,0,77.0,0.000488,Yes,0.9722,large
Best-Topic,SCALEX,DREX_trustworthiness,12,0.133747,12,0,0,78.0,0.000244,Yes,0.9722,large
Best-Topic,SCALEX,DREX_continuity,12,0.018251,7,5,0,47.0,0.284668,No,0.1667,small
Best-Topic,SCALEX,DREX_distance_spearman,12,0.321921,12,0,0,78.0,0.000244,Yes,0.9861,large
Best-Topic,SCALEX,DREX_distance_pearson,12,0.316309,12,0,0,78.0,0.000244,Yes,0.9861,large
Best-Topic,SCALEX,DREX_local_scale_quality,12,0.019571,12,0,0,78.0,0.000244,Yes,0.8889,large
Best-Topic,SCALEX,DREX_neighborhood_symmetry,12,0.075999,11,1,0,73.0,0.002441,Yes,0.6806,large
Best-Topic,SCALEX,LSEX_overall_quality,12,0.009797,7,5,0,60.0,0.054932,No,0.375,medium
Best-Topic,SCALEX,LSEX_two_hop_connectivity,12,-0.124306,0,12,0,0.0,1.0,No,-1.0,large
Best-Topic,SCALEX,LSEX_radial_concentration,12,0.011955,7,5,0,47.0,0.284668,No,0.1111,negligible
Best-Topic,SCALEX,LSEX_local_curvature,12,0.174841,12,0,0,78.0,0.000244,Yes,1.0,large
Best-Topic,SCALEX,LSEX_entropy_stability,12,-0.023301,0,12,0,0.0,1.0,No,-1.0,large
Best-Topic,SCALEX,SecPerEpoch,0,0.0,0,0,0,,,No,-0.0,negligible
Best-Topic,SCALEX,PeakGPU_MB,0,0.0,0,0,0,,,No,-0.0,negligible
Best-Topic,SCALEX,NumParams,0,0.0,0,0,0,,,No,-0.0,negligible
Best-Topic,GMVAE,NMI,12,0.451508,12,0,0,78.0,0.000244,Yes,0.8889,large
Best-Topic,GMVAE,ARI,12,0.34818,12,0,0,78.0,0.000244,Yes,0.8889,large
Best-Topic,GMVAE,ASW,12,0.413522,12,0,0,78.0,0.000244,Yes,1.0,large
Best-Topic,GMVAE,DAV,12,1.975666,12,0,0,78.0,0.000244,Yes,1.0,large
Best-Topic,GMVAE,CAL,12,534.520805,12,0,0,78.0,0.000244,Yes,1.0,large
Best-Topic,GMVAE,COR,12,0.928066,12,0,0,78.0,0.000244,Yes,1.0,large
Best-Topic,GMVAE,DRE_umap_overall_quality,12,0.412274,12,0,0,78.0,0.000244,Yes,1.0,large
Best-Topic,GMVAE,DRE_umap_distance_correlation,12,0.559401,12,0,0,78.0,0.000244,Yes,1.0,large
Best-Topic,GMVAE,DRE_umap_Q_local,12,0.474231,12,0,0,78.0,0.000244,Yes,1.0,large
Best-Topic,GMVAE,DRE_umap_Q_global,12,0.203189,12,0,0,78.0,0.000244,Yes,1.0,large
Best-Topic,GMVAE,DRE_tsne_overall_quality,12,0.394971,12,0,0,78.0,0.000244,Yes,1.0,large
Best-Topic,GMVAE,DRE_tsne_distance_correlation,12,0.436243,12,0,0,78.0,0.000244,Yes,1.0,large
Best-Topic,GMVAE,DRE_tsne_Q_local,12,0.514145,12,0,0,78.0,0.000244,Yes,1.0,large
Best-Topic,GMVAE,DRE_tsne_Q_global,12,0.234525,12,0,0,78.0,0.000244,Yes,1.0,large
Best-Topic,GMVAE,LSE_overall_quality,12,0.04327,4,8,0,30.0,0.765137,No,-0.1667,small
Best-Topic,GMVAE,LSE_core_quality,12,0.007261,2,10,0,23.0,0.898193,No,-0.625,large
Best-Topic,GMVAE,LSE_manifold_dimensionality,12,0.232242,12,0,0,78.0,0.000244,Yes,1.0,large
Best-Topic,GMVAE,LSE_spectral_decay_rate,12,0.29285,12,0,0,78.0,0.000244,Yes,1.0,large
Best-Topic,GMVAE,LSE_participation_ratio,12,-0.274129,2,10,0,16.0,0.968018,No,-0.6667,large
Best-Topic,GMVAE,LSE_anisotropy_score,12,0.221919,10,2,0,62.0,0.038574,Yes,0.6667,large
Best-Topic,GMVAE,LSE_trajectory_directionality,12,0.287678,12,0,0,78.0,0.000244,Yes,1.0,large
Best-Topic,GMVAE,LSE_noise_resilience,12,0.126128,12,0,0,78.0,0.000244,Yes,1.0,large
Best-Topic,GMVAE,DREX_overall_quality,12,0.233336,12,0,0,78.0,0.000244,Yes,1.0,large
Best-Topic,GMVAE,DREX_trustworthiness,12,0.20017,12,0,0,78.0,0.000244,Yes,1.0,large
Best-Topic,GMVAE,DREX_continuity,12,0.106771,9,3,0,71.0,0.004639,Yes,0.5417,large
Best-Topic,GMVAE,DREX_distance_spearman,12,0.456118,12,0,0,78.0,0.000244,Yes,1.0,large
Best-Topic,GMVAE,DREX_distance_pearson,12,0.444033,12,0,0,78.0,0.000244,Yes,1.0,large
Best-Topic,GMVAE,DREX_local_scale_quality,12,0.039455,12,0,0,78.0,0.000244,Yes,1.0,large
Best-Topic,GMVAE,DREX_neighborhood_symmetry,12,0.15347,12,0,0,78.0,0.000244,Yes,0.9861,large
Best-Topic,GMVAE,LSEX_overall_quality,12,0.035871,12,0,0,78.0,0.000244,Yes,1.0,large
Best-Topic,GMVAE,LSEX_two_hop_connectivity,12,-0.180713,0,12,0,0.0,1.0,No,-1.0,large
Best-Topic,GMVAE,LSEX_radial_concentration,12,0.152421,12,0,0,78.0,0.000244,Yes,1.0,large
Best-Topic,GMVAE,LSEX_local_curvature,12,0.195845,12,0,0,78.0,0.000244,Yes,1.0,large
Best-Topic,GMVAE,LSEX_entropy_stability,12,-0.024067,0,12,0,0.0,1.0,No,-1.0,large
Best-Topic,GMVAE,SecPerEpoch,0,0.0,0,0,0,,,No,-0.0,negligible
Best-Topic,GMVAE,PeakGPU_MB,0,0.0,0,0,0,,,No,-0.0,negligible
Best-Topic,GMVAE,NumParams,0,0.0,0,0,0,,,No,-0.0,negligible
